seed,step,phase,model,combined_task1,combined_task2,a_channel_task1,a_channel_task2,n_channel_task1,n_channel_task2,rho,persistence,a_n_distance
0,0,task1,MLP,0.72998046875,0.3642578125,0.0,0.0,0.0,0.0,1.0,0.0,0.0
0,0,task1,ChevronSlow,0.52392578125,0.3720703125,0.52392578125,0.3720703125,0.52392578125,0.3720703125,1.0,0.0,0.0
0,0,task1,IDLGated,0.47607421875,0.6279296875,0.47607421875,0.6279296875,0.47607421875,0.6279296875,1.0,0.0,0.0
0,100,task1,MLP,0.931640625,0.21826171875,0.0,0.0,0.0,0.0,1.0,0.0,0.0
0,100,task1,ChevronSlow,0.935546875,0.20361328125,0.935546875,0.20166015625,0.921875,0.22998046875,1.0,0.2992763880742049,0.1206608373546186
0,100,task1,IDLGated,0.93505859375,0.203125,0.935546875,0.2021484375,0.9248046875,0.2333984375,0.18658310174942017,0.2930742233049972,0.12949550408266708
0,200,task1,MLP,0.93603515625,0.2158203125,0.0,0.0,0.0,0.0,1.0,0.0,0.0
0,200,task1,ChevronSlow,0.95166015625,0.2158203125,0.951171875,0.2158203125,0.935546875,0.22802734375,1.0,0.7754149752037443,0.12261104661816574
0,200,task1,IDLGated,0.9501953125,0.21142578125,0.95263671875,0.21044921875,0.92919921875,0.2431640625,0.9999665021896362,0.8283889354447519,0.12675506403073725
0,300,task1,MLP,0.9482421875,0.20458984375,0.0,0.0,0.0,0.0,1.0,0.0,0.0
0,300,task1,ChevronSlow,0.9736328125,0.1962890625,0.97412109375,0.1943359375,0.95068359375,0.20556640625,1.0,0.9140353667033666,0.12339369276676387
0,300,task1,IDLGated,0.97119140625,0.1943359375,0.974609375,0.19189453125,0.9443359375,0.224609375,0.999998927116394,0.9851412000325613,0.1258909147425035
0,400,task1,MLP,0.9599609375,0.20263671875,0.0,0.0,0.0,0.0,1.0,0.0,0.0
0,400,task1,ChevronSlow,0.9775390625,0.20166015625,0.97900390625,0.19970703125,0.966796875,0.21142578125,1.0,0.8957389347146077,0.1209583169867377
0,400,task1,IDLGated,0.98046875,0.19970703125,0.98046875,0.19482421875,0.96142578125,0.21923828125,0.9999980926513672,0.9592752847136203,0.12421726477856652
0,500,task1,MLP,0.9775390625,0.1962890625,0.0,0.0,0.0,0.0,1.0,0.0,0.0
0,500,task1,ChevronSlow,0.98486328125,0.19677734375,0.9853515625,0.19580078125,0.97705078125,0.20166015625,1.0,0.8068202261812948,0.11268087682653853
0,500,task1,IDLGated,0.986328125,0.1982421875,0.9873046875,0.1953125,0.9765625,0.20654296875,0.9999808073043823,0.8535949546843042,0.11490547334085988
0,600,task1,MLP,0.9755859375,0.19580078125,0.0,0.0,0.0,0.0,1.0,0.0,0.0
0,600,task1,ChevronSlow,0.97900390625,0.19873046875,0.97900390625,0.19970703125,0.97998046875,0.2021484375,1.0,0.6222783443654974,0.10650469369815303
0,600,task1,IDLGated,0.97998046875,0.19873046875,0.9794921875,0.19775390625,0.97802734375,0.20849609375,0.9983458518981934,0.651037922048773,0.10383897660871938
0,700,task1,MLP,0.990234375,0.19580078125,0.0,0.0,0.0,0.0,1.0,0.0,0.0
0,700,task1,ChevronSlow,0.99072265625,0.19482421875,0.99072265625,0.19384765625,0.9873046875,0.19140625,1.0,0.43754827561001153,0.09976941743284093
0,700,task1,IDLGated,0.98681640625,0.1962890625,0.98681640625,0.1962890625,0.98828125,0.1943359375,0.8901227712631226,0.4550907375204633,0.09537107603011992
0,800,task1,MLP,0.984375,0.1982421875,0.0,0.0,0.0,0.0,1.0,0.0,0.0
0,800,task1,ChevronSlow,0.99072265625,0.19775390625,0.9912109375,0.1982421875,0.9853515625,0.1923828125,1.0,0.2512840461188796,0.09070342516528127
0,800,task1,IDLGated,0.98779296875,0.2001953125,0.98828125,0.2001953125,0.98779296875,0.1953125,0.10432214289903641,0.2622683078721896,0.0869121871705201
0,900,task1,MLP,0.99072265625,0.19482421875,0.0,0.0,0.0,0.0,1.0,0.0,0.0
0,900,task1,ChevronSlow,0.9912109375,0.1943359375,0.99267578125,0.19482421875,0.98583984375,0.1923828125,1.0,0.13765860242872124,0.08235251305006774
0,900,task1,IDLGated,0.98876953125,0.19677734375,0.98828125,0.19677734375,0.98779296875,0.1962890625,0.00850021280348301,0.14367600840823386,0.078707922187084
0,1000,task1,MLP,0.98291015625,0.20263671875,0.0,0.0,0.0,0.0,1.0,0.0,0.0
0,1000,task1,ChevronSlow,0.986328125,0.20166015625,0.986328125,0.20263671875,0.9853515625,0.1962890625,1.0,0.07541223215445904,0.07273383233414242
0,1000,task1,IDLGated,0.982421875,0.2041015625,0.98193359375,0.20556640625,0.98779296875,0.20068359375,0.0020488842856138945,0.0787086917195603,0.07051622728402777
0,1100,task1,MLP,0.98779296875,0.19970703125,0.0,0.0,0.0,0.0,1.0,0.0,0.0
0,1100,task1,ChevronSlow,0.98779296875,0.1982421875,0.9873046875,0.19873046875,0.99267578125,0.19775390625,1.0,0.04131238192297298,0.06503861894701128
0,1100,task1,IDLGated,0.984375,0.201171875,0.984375,0.2021484375,0.984375,0.20361328125,0.0009374602232128382,0.04311825071449962,0.06256815531130525
0,1200,task1,MLP,0.98876953125,0.18603515625,0.0,0.0,0.0,0.0,1.0,0.0,0.0
0,1200,task1,ChevronSlow,0.98681640625,0.1865234375,0.98583984375,0.1845703125,0.98876953125,0.189453125,1.0,0.02263177804701365,0.058504222257202504
0,1200,task1,IDLGated,0.984375,0.18603515625,0.98291015625,0.18408203125,0.98779296875,0.19384765625,0.0006106740911491215,0.023621070355263094,0.05725358941196991
0,1300,task1,MLP,0.98681640625,0.19482421875,0.0,0.0,0.0,0.0,1.0,0.0,0.0
0,1300,task1,ChevronSlow,0.98779296875,0.19482421875,0.98583984375,0.1953125,0.99267578125,0.19384765625,1.0,0.012398156526638483,0.050618093938938964
0,1300,task1,IDLGated,0.98583984375,0.19384765625,0.98583984375,0.1943359375,0.98974609375,0.1962890625,0.00048285204684361815,0.012940111332964212,0.05180761334605276
0,1400,task1,MLP,0.99072265625,0.19482421875,0.0,0.0,0.0,0.0,1.0,0.0,0.0
0,1400,task1,ChevronSlow,0.99267578125,0.1943359375,0.9931640625,0.1943359375,0.990234375,0.1943359375,1.0,0.006791966806130449,0.04622392916356066
0,1400,task1,IDLGated,0.99072265625,0.19580078125,0.9912109375,0.1943359375,0.98876953125,0.19775390625,0.0004245546297170222,0.007088860868330609,0.0463125940461396
0,1500,task1,MLP,0.99267578125,0.19384765625,0.0,0.0,0.0,0.0,1.0,0.0,0.0
0,1500,task1,ChevronSlow,0.99365234375,0.1943359375,0.9931640625,0.193359375,0.9931640625,0.1943359375,1.0,0.0037207800205185243,0.042952965010675685
0,1500,task1,IDLGated,0.990234375,0.19384765625,0.98974609375,0.19287109375,0.990234375,0.19580078125,0.0003956579603254795,0.0038834247339537948,0.04338242434935698
0,1600,task1,MLP,0.98876953125,0.1904296875,0.0,0.0,0.0,0.0,1.0,0.0,0.0
0,1600,task1,ChevronSlow,0.9892578125,0.19189453125,0.98779296875,0.1923828125,0.9921875,0.19189453125,1.0,0.0020383203210878505,0.03692916456287566
0,1600,task1,IDLGated,0.9873046875,0.19189453125,0.98779296875,0.1923828125,0.99169921875,0.19287109375,0.0003806701279245317,0.002127420462102481,0.03715539373765862
0,1700,task1,MLP,0.99365234375,0.19091796875,0.0,0.0,0.0,0.0,1.0,0.0,0.0
0,1700,task1,ChevronSlow,0.9931640625,0.19189453125,0.9931640625,0.19189453125,0.994140625,0.19189453125,1.0,0.0011166340682459035,0.035310784194232704
0,1700,task1,IDLGated,0.99169921875,0.193359375,0.99169921875,0.19287109375,0.9921875,0.193359375,0.00037270147004164755,0.0011654449700031658,0.03639275445367966
0,1800,task1,MLP,0.99365234375,0.18994140625,0.0,0.0,0.0,0.0,1.0,0.0,0.0
0,1800,task1,ChevronSlow,0.9921875,0.19140625,0.99169921875,0.19140625,0.99365234375,0.19189453125,1.0,0.0006117152586213448,0.034444409813582176
0,1800,task1,IDLGated,0.990234375,0.1904296875,0.99072265625,0.18994140625,0.99169921875,0.1923828125,0.0003684069379232824,0.0006384548810644331,0.0338952482811372
0,1900,task1,MLP,0.9912109375,0.1865234375,0.0,0.0,0.0,0.0,1.0,0.0,0.0
0,1900,task1,ChevronSlow,0.9912109375,0.18603515625,0.98779296875,0.185546875,0.994140625,0.19091796875,1.0,0.00033511028211596184,0.03227058568930067
0,1900,task1,IDLGated,0.98779296875,0.185546875,0.98486328125,0.18310546875,0.99072265625,0.19140625,0.00036607528454624116,0.00034975880084144376,0.03248059797244513
0,2000,task1,MLP,0.9921875,0.193359375,0.0,0.0,0.0,0.0,1.0,0.0,0.0
0,2000,task1,ChevronSlow,0.994140625,0.19384765625,0.99462890625,0.19384765625,0.99365234375,0.19384765625,1.0,0.0001835803498394556,0.029548595089982494
0,2000,task1,IDLGated,0.9931640625,0.19482421875,0.99267578125,0.1953125,0.99267578125,0.19482421875,0.00036480423295870423,0.00019160511164405806,0.030173596057956276
0,2100,task1,MLP,0.99267578125,0.1962890625,0.0,0.0,0.0,0.0,1.0,0.0,0.0
0,2100,task1,ChevronSlow,0.99365234375,0.19677734375,0.9931640625,0.197265625,0.9951171875,0.19482421875,1.0,0.00010056911603659696,0.02865151293827048
0,2100,task1,IDLGated,0.9931640625,0.19775390625,0.9921875,0.1982421875,0.99365234375,0.1943359375,0.0003641098737716675,0.00010496524667802398,0.02934973358763255
0,2200,end_task1,MLP,0.99462890625,0.19189453125,0.0,0.0,0.0,0.0,1.0,0.0,0.0
0,2200,end_task1,ChevronSlow,0.99365234375,0.1923828125,0.99365234375,0.1923828125,0.99462890625,0.19287109375,1.0,5.50938436996526e-05,0.027687468618479823
0,2200,end_task1,IDLGated,0.99169921875,0.19091796875,0.99169921875,0.1904296875,0.99462890625,0.19287109375,0.00036372998147271574,5.750213507166677e-05,0.026975702780087457
0,2300,task2,MLP,0.13623046875,0.91064453125,0.0,0.0,0.0,0.0,1.0,0.0,0.0
0,2300,task2,ChevronSlow,0.1240234375,0.8916015625,0.10546875,0.88818359375,0.86328125,0.32568359375,1.0,0.46616319477411006,0.1263036984681991
0,2300,task2,IDLGated,0.14599609375,0.90966796875,0.10107421875,0.8720703125,0.9365234375,0.22900390625,0.9999980926513672,0.9591188095002982,0.1720215890981741
0,2400,task2,MLP,0.16259765625,0.9580078125,0.0,0.0,0.0,0.0,1.0,0.0,0.0
0,2400,task2,ChevronSlow,0.16162109375,0.9453125,0.158203125,0.9462890625,0.1962890625,0.89013671875,1.0,0.6807481916683841,0.14147751719433674
0,2400,task2,IDLGated,0.1513671875,0.94580078125,0.1337890625,0.9150390625,0.876953125,0.27587890625,1.0,1.4635125451139863,0.16676203726831712
0,2420,end_task2,MLP,0.177734375,0.9599609375,0.0,0.0,0.0,0.0,1.0,0.0,0.0
0,2420,end_task2,ChevronSlow,0.16796875,0.947265625,0.16552734375,0.95068359375,0.17919921875,0.8974609375,1.0,0.6860229103113223,0.14394536698311977
0,2420,end_task2,IDLGated,0.169921875,0.94873046875,0.1484375,0.94091796875,0.8759765625,0.28515625,1.0,1.4751652927304224,0.16484051411360126
