seed,step,phase,model,combined_a,combined_b,a_channel_a,a_channel_b,n_channel_a,n_channel_b,rho,persistence,a_n_distance
0,0,A,MLP,0.72998046875,0.3642578125,0.0,0.0,0.0,0.0,1.0,0.0,0.0
0,0,A,ChevronSlow,0.52392578125,0.3720703125,0.52392578125,0.3720703125,0.52392578125,0.3720703125,1.0,0.0,0.0
0,0,A,IDLGated,0.47607421875,0.6279296875,0.47607421875,0.6279296875,0.47607421875,0.6279296875,1.0,0.0,0.0
0,100,A,MLP,0.931640625,0.21826171875,0.0,0.0,0.0,0.0,1.0,0.0,0.0
0,100,A,ChevronSlow,0.935546875,0.20361328125,0.935546875,0.20166015625,0.921875,0.22998046875,1.0,0.2992763880742049,0.1206608373546186
0,100,A,IDLGated,0.93505859375,0.203125,0.935546875,0.2021484375,0.9248046875,0.2333984375,0.18658310174942017,0.2930742233049972,0.12949550408266708
0,200,A,MLP,0.93603515625,0.2158203125,0.0,0.0,0.0,0.0,1.0,0.0,0.0
0,200,A,ChevronSlow,0.95166015625,0.2158203125,0.951171875,0.2158203125,0.935546875,0.22802734375,1.0,0.7754149752037443,0.12261104661816574
0,200,A,IDLGated,0.9501953125,0.21142578125,0.95263671875,0.21044921875,0.92919921875,0.2431640625,0.9999665021896362,0.8283889354447519,0.12675506403073725
0,300,A,MLP,0.9482421875,0.20458984375,0.0,0.0,0.0,0.0,1.0,0.0,0.0
0,300,A,ChevronSlow,0.9736328125,0.1962890625,0.97412109375,0.1943359375,0.95068359375,0.20556640625,1.0,0.9140353667033666,0.12339369276676387
0,300,A,IDLGated,0.97119140625,0.1943359375,0.974609375,0.19189453125,0.9443359375,0.224609375,0.999998927116394,0.9851412000325613,0.1258909147425035
0,400,A,MLP,0.9599609375,0.20263671875,0.0,0.0,0.0,0.0,1.0,0.0,0.0
0,400,A,ChevronSlow,0.9775390625,0.20166015625,0.97900390625,0.19970703125,0.966796875,0.21142578125,1.0,0.8957389347146077,0.1209583169867377
0,400,A,IDLGated,0.98046875,0.19970703125,0.98046875,0.19482421875,0.96142578125,0.21923828125,0.9999980926513672,0.9592752847136203,0.12421726477856652
0,500,A,MLP,0.9775390625,0.1962890625,0.0,0.0,0.0,0.0,1.0,0.0,0.0
0,500,A,ChevronSlow,0.98486328125,0.19677734375,0.9853515625,0.19580078125,0.97705078125,0.20166015625,1.0,0.8068202261812948,0.11268087682653853
0,500,A,IDLGated,0.986328125,0.1982421875,0.9873046875,0.1953125,0.9765625,0.20654296875,0.9999808073043823,0.8535949546843042,0.11490547334085988
0,600,A,MLP,0.9755859375,0.19580078125,0.0,0.0,0.0,0.0,1.0,0.0,0.0
0,600,A,ChevronSlow,0.97900390625,0.19873046875,0.97900390625,0.19970703125,0.97998046875,0.2021484375,1.0,0.6222783443654974,0.10650469369815303
0,600,A,IDLGated,0.97998046875,0.19873046875,0.9794921875,0.19775390625,0.97802734375,0.20849609375,0.9983458518981934,0.651037922048773,0.10383897660871938
0,700,A,MLP,0.990234375,0.19580078125,0.0,0.0,0.0,0.0,1.0,0.0,0.0
0,700,A,ChevronSlow,0.99072265625,0.19482421875,0.99072265625,0.19384765625,0.9873046875,0.19140625,1.0,0.43754827561001153,0.09976941743284093
0,700,A,IDLGated,0.98681640625,0.1962890625,0.98681640625,0.1962890625,0.98828125,0.1943359375,0.8901227712631226,0.4550907375204633,0.09537107603011992
0,800,A,MLP,0.984375,0.1982421875,0.0,0.0,0.0,0.0,1.0,0.0,0.0
0,800,A,ChevronSlow,0.99072265625,0.19775390625,0.9912109375,0.1982421875,0.9853515625,0.1923828125,1.0,0.2512840461188796,0.09070342516528127
0,800,A,IDLGated,0.98779296875,0.2001953125,0.98828125,0.2001953125,0.98779296875,0.1953125,0.10432214289903641,0.2622683078721896,0.0869121871705201
0,900,A,MLP,0.99072265625,0.19482421875,0.0,0.0,0.0,0.0,1.0,0.0,0.0
0,900,A,ChevronSlow,0.9912109375,0.1943359375,0.99267578125,0.19482421875,0.98583984375,0.1923828125,1.0,0.13765860242872124,0.08235251305006774
0,900,A,IDLGated,0.98876953125,0.19677734375,0.98828125,0.19677734375,0.98779296875,0.1962890625,0.00850021280348301,0.14367600840823386,0.078707922187084
0,1000,A,MLP,0.98291015625,0.20263671875,0.0,0.0,0.0,0.0,1.0,0.0,0.0
0,1000,A,ChevronSlow,0.986328125,0.20166015625,0.986328125,0.20263671875,0.9853515625,0.1962890625,1.0,0.07541223215445904,0.07273383233414242
0,1000,A,IDLGated,0.982421875,0.2041015625,0.98193359375,0.20556640625,0.98779296875,0.20068359375,0.0020488842856138945,0.0787086917195603,0.07051622728402777
0,1100,A,MLP,0.98779296875,0.19970703125,0.0,0.0,0.0,0.0,1.0,0.0,0.0
0,1100,A,ChevronSlow,0.98779296875,0.1982421875,0.9873046875,0.19873046875,0.99267578125,0.19775390625,1.0,0.04131238192297298,0.06503861894701128
0,1100,A,IDLGated,0.984375,0.201171875,0.984375,0.2021484375,0.984375,0.20361328125,0.0009374602232128382,0.04311825071449962,0.06256815531130525
0,1200,A,MLP,0.98876953125,0.18603515625,0.0,0.0,0.0,0.0,1.0,0.0,0.0
0,1200,A,ChevronSlow,0.98681640625,0.1865234375,0.98583984375,0.1845703125,0.98876953125,0.189453125,1.0,0.02263177804701365,0.058504222257202504
0,1200,A,IDLGated,0.984375,0.18603515625,0.98291015625,0.18408203125,0.98779296875,0.19384765625,0.0006106740911491215,0.023621070355263094,0.05725358941196991
0,1300,A,MLP,0.98681640625,0.19482421875,0.0,0.0,0.0,0.0,1.0,0.0,0.0
0,1300,A,ChevronSlow,0.98779296875,0.19482421875,0.98583984375,0.1953125,0.99267578125,0.19384765625,1.0,0.012398156526638483,0.050618093938938964
0,1300,A,IDLGated,0.98583984375,0.19384765625,0.98583984375,0.1943359375,0.98974609375,0.1962890625,0.00048285204684361815,0.012940111332964212,0.05180761334605276
0,1400,A,MLP,0.99072265625,0.19482421875,0.0,0.0,0.0,0.0,1.0,0.0,0.0
0,1400,A,ChevronSlow,0.99267578125,0.1943359375,0.9931640625,0.1943359375,0.990234375,0.1943359375,1.0,0.006791966806130449,0.04622392916356066
0,1400,A,IDLGated,0.99072265625,0.19580078125,0.9912109375,0.1943359375,0.98876953125,0.19775390625,0.0004245546297170222,0.007088860868330609,0.0463125940461396
0,1500,A,MLP,0.99267578125,0.19384765625,0.0,0.0,0.0,0.0,1.0,0.0,0.0
0,1500,A,ChevronSlow,0.99365234375,0.1943359375,0.9931640625,0.193359375,0.9931640625,0.1943359375,1.0,0.0037207800205185243,0.042952965010675685
0,1500,A,IDLGated,0.990234375,0.19384765625,0.98974609375,0.19287109375,0.990234375,0.19580078125,0.0003956579603254795,0.0038834247339537948,0.04338242434935698
0,1600,A,MLP,0.98876953125,0.1904296875,0.0,0.0,0.0,0.0,1.0,0.0,0.0
0,1600,A,ChevronSlow,0.9892578125,0.19189453125,0.98779296875,0.1923828125,0.9921875,0.19189453125,1.0,0.0020383203210878505,0.03692916456287566
0,1600,A,IDLGated,0.9873046875,0.19189453125,0.98779296875,0.1923828125,0.99169921875,0.19287109375,0.0003806701279245317,0.002127420462102481,0.03715539373765862
0,1700,A,MLP,0.99365234375,0.19091796875,0.0,0.0,0.0,0.0,1.0,0.0,0.0
0,1700,A,ChevronSlow,0.9931640625,0.19189453125,0.9931640625,0.19189453125,0.994140625,0.19189453125,1.0,0.0011166340682459035,0.035310784194232704
0,1700,A,IDLGated,0.99169921875,0.193359375,0.99169921875,0.19287109375,0.9921875,0.193359375,0.00037270147004164755,0.0011654449700031658,0.03639275445367966
0,1800,A,MLP,0.99365234375,0.18994140625,0.0,0.0,0.0,0.0,1.0,0.0,0.0
0,1800,A,ChevronSlow,0.9921875,0.19140625,0.99169921875,0.19140625,0.99365234375,0.19189453125,1.0,0.0006117152586213448,0.034444409813582176
0,1800,A,IDLGated,0.990234375,0.1904296875,0.99072265625,0.18994140625,0.99169921875,0.1923828125,0.0003684069379232824,0.0006384548810644331,0.0338952482811372
0,1900,A,MLP,0.9912109375,0.1865234375,0.0,0.0,0.0,0.0,1.0,0.0,0.0
0,1900,A,ChevronSlow,0.9912109375,0.18603515625,0.98779296875,0.185546875,0.994140625,0.19091796875,1.0,0.00033511028211596184,0.03227058568930067
0,1900,A,IDLGated,0.98779296875,0.185546875,0.98486328125,0.18310546875,0.99072265625,0.19140625,0.00036607528454624116,0.00034975880084144376,0.03248059797244513
0,2000,A,MLP,0.9921875,0.193359375,0.0,0.0,0.0,0.0,1.0,0.0,0.0
0,2000,A,ChevronSlow,0.994140625,0.19384765625,0.99462890625,0.19384765625,0.99365234375,0.19384765625,1.0,0.0001835803498394556,0.029548595089982494
0,2000,A,IDLGated,0.9931640625,0.19482421875,0.99267578125,0.1953125,0.99267578125,0.19482421875,0.00036480423295870423,0.00019160511164405806,0.030173596057956276
0,2100,A,MLP,0.99267578125,0.1962890625,0.0,0.0,0.0,0.0,1.0,0.0,0.0
0,2100,A,ChevronSlow,0.99365234375,0.19677734375,0.9931640625,0.197265625,0.9951171875,0.19482421875,1.0,0.00010056911603659696,0.02865151293827048
0,2100,A,IDLGated,0.9931640625,0.19775390625,0.9921875,0.1982421875,0.99365234375,0.1943359375,0.0003641098737716675,0.00010496524667802398,0.02934973358763255
0,2200,end_A,MLP,0.99462890625,0.19189453125,0.0,0.0,0.0,0.0,1.0,0.0,0.0
0,2200,end_A,ChevronSlow,0.99365234375,0.1923828125,0.99365234375,0.1923828125,0.99462890625,0.19287109375,1.0,5.50938436996526e-05,0.027687468618479823
0,2200,end_A,IDLGated,0.99169921875,0.19091796875,0.99169921875,0.1904296875,0.99462890625,0.19287109375,0.00036372998147271574,5.750213507166677e-05,0.026975702780087457
0,2300,B,MLP,0.13623046875,0.91064453125,0.0,0.0,0.0,0.0,1.0,0.0,0.0
0,2300,B,ChevronSlow,0.1240234375,0.8916015625,0.10546875,0.88818359375,0.86328125,0.32568359375,1.0,0.46616319477411006,0.1263036984681991
0,2300,B,IDLGated,0.14599609375,0.90966796875,0.10107421875,0.8720703125,0.9365234375,0.22900390625,0.9999980926513672,0.9591188095002982,0.1720215890981741
0,2400,B,MLP,0.16259765625,0.9580078125,0.0,0.0,0.0,0.0,1.0,0.0,0.0
0,2400,B,ChevronSlow,0.16162109375,0.9453125,0.158203125,0.9462890625,0.1962890625,0.89013671875,1.0,0.6807481916683841,0.14147751719433674
0,2400,B,IDLGated,0.1513671875,0.94580078125,0.1337890625,0.9150390625,0.876953125,0.27587890625,1.0,1.4635125451139863,0.16676203726831712
0,2420,end_B,MLP,0.177734375,0.9599609375,0.0,0.0,0.0,0.0,1.0,0.0,0.0
0,2420,end_B,ChevronSlow,0.16796875,0.947265625,0.16552734375,0.95068359375,0.17919921875,0.8974609375,1.0,0.6860229103113223,0.14394536698311977
0,2420,end_B,IDLGated,0.169921875,0.94873046875,0.1484375,0.94091796875,0.8759765625,0.28515625,1.0,1.4751652927304224,0.16484051411360126
1,0,A,MLP,0.51904296875,0.388671875,0.0,0.0,0.0,0.0,1.0,0.0,0.0
1,0,A,ChevronSlow,0.51904296875,0.388671875,0.51904296875,0.388671875,0.51904296875,0.388671875,1.0,0.0,0.0
1,0,A,IDLGated,0.48095703125,0.611328125,0.48095703125,0.611328125,0.48095703125,0.611328125,1.0,0.0,0.0
1,100,A,MLP,0.93359375,0.2080078125,0.0,0.0,0.0,0.0,1.0,0.0,0.0
1,100,A,ChevronSlow,0.935546875,0.20361328125,0.935546875,0.20361328125,0.93603515625,0.2080078125,1.0,0.3039318903591399,0.11718825938371513
1,100,A,IDLGated,0.92822265625,0.208984375,0.9287109375,0.2099609375,0.91845703125,0.21435546875,0.30230361223220825,0.3219839949315699,0.11746481483460032
1,200,A,MLP,0.9482421875,0.1982421875,0.0,0.0,0.0,0.0,1.0,0.0,0.0
1,200,A,ChevronSlow,0.94677734375,0.19775390625,0.94677734375,0.19775390625,0.93798828125,0.20556640625,1.0,0.7814872952953715,0.11885434389496138
1,200,A,IDLGated,0.94091796875,0.20166015625,0.94189453125,0.19970703125,0.93017578125,0.21875,0.9999510049819946,0.8111097058602417,0.11077726836517214
1,300,A,MLP,0.97412109375,0.19482421875,0.0,0.0,0.0,0.0,1.0,0.0,0.0
1,300,A,ChevronSlow,0.9736328125,0.1884765625,0.9765625,0.1875,0.95263671875,0.2060546875,1.0,0.923150055288268,0.12191902894813907
1,300,A,IDLGated,0.96435546875,0.19970703125,0.96533203125,0.197265625,0.9443359375,0.21875,0.9999972581863403,0.9415166081269966,0.11158102773671316
1,400,A,MLP,0.9677734375,0.20068359375,0.0,0.0,0.0,0.0,1.0,0.0,0.0
1,400,A,ChevronSlow,0.9716796875,0.20068359375,0.97412109375,0.201171875,0.94775390625,0.2138671875,1.0,0.9066639417665247,0.11466229410267287
1,400,A,IDLGated,0.97021484375,0.2001953125,0.970703125,0.19775390625,0.951171875,0.21728515625,0.9999949932098389,0.9150392261888802,0.10857448004562559
1,500,A,MLP,0.97998046875,0.203125,0.0,0.0,0.0,0.0,1.0,0.0,0.0
1,500,A,ChevronSlow,0.97509765625,0.2080078125,0.97607421875,0.20751953125,0.962890625,0.20556640625,1.0,0.7528777498756574,0.10767731424760425
1,500,A,IDLGated,0.97802734375,0.2060546875,0.978515625,0.20556640625,0.96484375,0.20458984375,0.9998846054077148,0.7721587118124164,0.10457855992241674
1,600,A,MLP,0.9833984375,0.193359375,0.0,0.0,0.0,0.0,1.0,0.0,0.0
1,600,A,ChevronSlow,0.98388671875,0.1943359375,0.98388671875,0.1943359375,0.9794921875,0.1943359375,1.0,0.5614182520164976,0.09800253016346791
1,600,A,IDLGated,0.9814453125,0.19384765625,0.98046875,0.19384765625,0.9755859375,0.193359375,0.9938616752624512,0.5912293153911423,0.09743488860220531
1,700,A,MLP,0.9892578125,0.18701171875,0.0,0.0,0.0,0.0,1.0,0.0,0.0
1,700,A,ChevronSlow,0.98388671875,0.18896484375,0.9833984375,0.1884765625,0.98486328125,0.19189453125,1.0,0.35091983105387364,0.08820894472972661
1,700,A,IDLGated,0.984375,0.18994140625,0.98388671875,0.1904296875,0.9853515625,0.1904296875,0.6124851107597351,0.3808077471296825,0.0899129262077261
1,800,A,MLP,0.98974609375,0.189453125,0.0,0.0,0.0,0.0,1.0,0.0,0.0
1,800,A,ChevronSlow,0.9833984375,0.18896484375,0.9833984375,0.18798828125,0.984375,0.1923828125,1.0,0.2002813683637501,0.07762754519693399
1,800,A,IDLGated,0.98291015625,0.18994140625,0.982421875,0.189453125,0.9853515625,0.193359375,0.04190210625529289,0.21774482922079916,0.08139670394039963
1,900,A,MLP,0.986328125,0.19189453125,0.0,0.0,0.0,0.0,1.0,0.0,0.0
1,900,A,ChevronSlow,0.98291015625,0.1982421875,0.9833984375,0.19873046875,0.984375,0.19580078125,1.0,0.11054450580839516,0.06984123833064572
1,900,A,IDLGated,0.9833984375,0.197265625,0.9833984375,0.197265625,0.9833984375,0.19775390625,0.005027600564062595,0.11964671249350213,0.07489781185178158
1,1000,A,MLP,0.98876953125,0.1953125,0.0,0.0,0.0,0.0,1.0,0.0,0.0
1,1000,A,ChevronSlow,0.984375,0.19921875,0.984375,0.19921875,0.98486328125,0.1962890625,1.0,0.06055856872249726,0.06282321176541146
1,1000,A,IDLGated,0.98388671875,0.20068359375,0.984375,0.2001953125,0.98486328125,0.19921875,0.0015345059800893068,0.06554494597422458,0.0692491185413472
1,1100,A,MLP,0.9892578125,0.19775390625,0.0,0.0,0.0,0.0,1.0,0.0,0.0
1,1100,A,ChevronSlow,0.984375,0.2001953125,0.98291015625,0.20166015625,0.98486328125,0.201171875,1.0,0.03317523760135089,0.057753398018418035
1,1100,A,IDLGated,0.984375,0.19970703125,0.98486328125,0.2001953125,0.984375,0.20361328125,0.0008000397938303649,0.035906878285496865,0.06241235088373239
1,1200,A,MLP,0.9892578125,0.18798828125,0.0,0.0,0.0,0.0,1.0,0.0,0.0
1,1200,A,ChevronSlow,0.984375,0.18701171875,0.98388671875,0.1865234375,0.982421875,0.1953125,1.0,0.018174081936273023,0.051486771760795136
1,1200,A,IDLGated,0.984375,0.1904296875,0.9853515625,0.18994140625,0.98388671875,0.197265625,0.0005598685820586979,0.019670531252196054,0.054099013140125184
1,1300,A,MLP,0.990234375,0.1923828125,0.0,0.0,0.0,0.0,1.0,0.0,0.0
1,1300,A,ChevronSlow,0.984375,0.193359375,0.984375,0.19287109375,0.98388671875,0.1953125,1.0,0.009956138316034712,0.048710947965172675
1,1300,A,IDLGated,0.98681640625,0.1923828125,0.98779296875,0.19189453125,0.98486328125,0.197265625,0.0004604114219546318,0.010775924230091211,0.05070640968197661
1,1400,A,MLP,0.98974609375,0.1962890625,0.0,0.0,0.0,0.0,1.0,0.0,0.0
1,1400,A,ChevronSlow,0.9853515625,0.1962890625,0.9853515625,0.19970703125,0.98486328125,0.1943359375,1.0,0.005454178676842818,0.046250372586403826
1,1400,A,IDLGated,0.98779296875,0.2001953125,0.9873046875,0.1982421875,0.98486328125,0.1943359375,0.0004136288771405816,0.005903274371387554,0.04478091491728326
1,1500,A,MLP,0.9833984375,0.20654296875,0.0,0.0,0.0,0.0,1.0,0.0,0.0
1,1500,A,ChevronSlow,0.97998046875,0.2080078125,0.9775390625,0.20947265625,0.9853515625,0.201171875,1.0,0.002987911989030582,0.04526406986662101
1,1500,A,IDLGated,0.984375,0.20654296875,0.98291015625,0.2099609375,0.986328125,0.201171875,0.0003900468291249126,0.0032339359074712195,0.04281163168501987
1,1600,A,MLP,0.98876953125,0.19140625,0.0,0.0,0.0,0.0,1.0,0.0,0.0
1,1600,A,ChevronSlow,0.98828125,0.19091796875,0.98779296875,0.18994140625,0.98486328125,0.19287109375,1.0,0.0016368400419475237,0.04202879320530278
1,1600,A,IDLGated,0.98779296875,0.1904296875,0.98876953125,0.18994140625,0.98583984375,0.19287109375,0.00037770307972095907,0.0017716170375413997,0.03695442461776531
1,1700,A,MLP,0.99267578125,0.19140625,0.0,0.0,0.0,0.0,1.0,0.0,0.0
1,1700,A,ChevronSlow,0.98876953125,0.18994140625,0.9892578125,0.189453125,0.9873046875,0.19189453125,1.0,0.0008966948600758634,0.040280187617732464
1,1700,A,IDLGated,0.98876953125,0.19091796875,0.9912109375,0.19091796875,0.98876953125,0.1923828125,0.0003711072786245495,0.0009705284883525173,0.03526950342898443
1,1800,A,MLP,0.99072265625,0.1953125,0.0,0.0,0.0,0.0,1.0,0.0,0.0
1,1800,A,ChevronSlow,0.98583984375,0.19482421875,0.98583984375,0.19580078125,0.98681640625,0.19384765625,1.0,0.0004912280073071734,0.03927298086776167
1,1800,A,IDLGated,0.98828125,0.19482421875,0.98828125,0.1953125,0.98779296875,0.1943359375,0.00036754278698936105,0.0005316755973463658,0.03347406386849123
1,1900,A,MLP,0.98974609375,0.18994140625,0.0,0.0,0.0,0.0,1.0,0.0,0.0
1,1900,A,ChevronSlow,0.9873046875,0.19091796875,0.98779296875,0.1904296875,0.98779296875,0.193359375,1.0,0.000269104871575333,0.03753690743482996
1,1900,A,IDLGated,0.98779296875,0.18896484375,0.9873046875,0.1875,0.9892578125,0.19384765625,0.0003656046465039253,0.00029126289872589457,0.03254565085931539
1,2000,A,MLP,0.99169921875,0.1982421875,0.0,0.0,0.0,0.0,1.0,0.0,0.0
1,2000,A,ChevronSlow,0.98779296875,0.19921875,0.98779296875,0.19921875,0.98779296875,0.19580078125,1.0,0.0001474212195321604,0.035145380366438446
1,2000,A,IDLGated,0.98974609375,0.197265625,0.99072265625,0.19775390625,0.98876953125,0.19580078125,0.0003645473043434322,0.00015955984551035287,0.03034720699731267
1,2100,A,MLP,0.98681640625,0.19189453125,0.0,0.0,0.0,0.0,1.0,0.0,0.0
1,2100,A,ChevronSlow,0.98974609375,0.19189453125,0.98779296875,0.18994140625,0.9892578125,0.19384765625,1.0,8.076039590485642e-05,0.03369087479907779
1,2100,A,IDLGated,0.98779296875,0.193359375,0.986328125,0.1904296875,0.98974609375,0.1943359375,0.00036396930227056146,8.741018650386807e-05,0.028058606391476212
1,2200,end_A,MLP,0.990234375,0.19921875,0.0,0.0,0.0,0.0,1.0,0.0,0.0
1,2200,end_A,ChevronSlow,0.98828125,0.20458984375,0.98681640625,0.205078125,0.98876953125,0.19921875,1.0,4.424221674062527e-05,0.031005242561448553
1,2200,end_A,IDLGated,0.98828125,0.19970703125,0.98876953125,0.2001953125,0.98974609375,0.197265625,0.0003636530018411577,4.788510969161881e-05,0.025549619376237554
1,2300,B,MLP,0.125,0.87890625,0.0,0.0,0.0,0.0,1.0,0.0,0.0
1,2300,B,ChevronSlow,0.13818359375,0.94091796875,0.1240234375,0.93408203125,0.515625,0.64404296875,1.0,0.4824455083459379,0.1393454675749319
1,2300,B,IDLGated,0.1240234375,0.91748046875,0.09423828125,0.88720703125,0.9306640625,0.240234375,0.9999963045120239,0.9283792930023307,0.18047411324668394
1,2400,B,MLP,0.19580078125,0.939453125,0.0,0.0,0.0,0.0,1.0,0.0,0.0
1,2400,B,ChevronSlow,0.181640625,0.96728515625,0.181640625,0.9619140625,0.15478515625,0.92626953125,1.0,0.6732020258650085,0.1582934494752048
1,2400,B,IDLGated,0.17041015625,0.95947265625,0.15478515625,0.95361328125,0.86083984375,0.29736328125,1.0,1.3246442999899917,0.18994734277972558
1,2420,end_B,MLP,0.16357421875,0.95703125,0.0,0.0,0.0,0.0,1.0,0.0,0.0
1,2420,end_B,ChevronSlow,0.15576171875,0.97412109375,0.15478515625,0.97607421875,0.13427734375,0.9169921875,1.0,0.6740741494062096,0.15705563380373197
1,2420,end_B,IDLGated,0.14892578125,0.96875,0.13720703125,0.96240234375,0.52490234375,0.6103515625,1.0,1.322168405863895,0.18908562068208543
2,0,A,MLP,0.4912109375,0.3876953125,0.0,0.0,0.0,0.0,1.0,0.0,0.0
2,0,A,ChevronSlow,0.48681640625,0.384765625,0.48681640625,0.384765625,0.48681640625,0.384765625,1.0,0.0,0.0
2,0,A,IDLGated,0.51708984375,0.36328125,0.51708984375,0.36328125,0.51708984375,0.36328125,1.0,0.0,0.0
2,100,A,MLP,0.93994140625,0.20849609375,0.0,0.0,0.0,0.0,1.0,0.0,0.0
2,100,A,ChevronSlow,0.94189453125,0.201171875,0.94287109375,0.201171875,0.939453125,0.19091796875,1.0,0.3239012437149335,0.12745596673798404
2,100,A,IDLGated,0.94384765625,0.19873046875,0.94384765625,0.2021484375,0.93408203125,0.1796875,0.17496326565742493,0.2895067312201875,0.12308460067346007
2,200,A,MLP,0.943359375,0.193359375,0.0,0.0,0.0,0.0,1.0,0.0,0.0
2,200,A,ChevronSlow,0.9638671875,0.1904296875,0.96484375,0.1884765625,0.9521484375,0.18310546875,1.0,0.849540095032008,0.12481603581417444
2,200,A,IDLGated,0.9619140625,0.18701171875,0.96337890625,0.189453125,0.94140625,0.17431640625,0.9999403953552246,0.8021683055677689,0.1206866085907273
2,300,A,MLP,0.9453125,0.2060546875,0.0,0.0,0.0,0.0,1.0,0.0,0.0
2,300,A,ChevronSlow,0.96923828125,0.197265625,0.9658203125,0.19677734375,0.966796875,0.19970703125,1.0,1.0112985468147773,0.12639870891869226
2,300,A,IDLGated,0.96923828125,0.19677734375,0.96923828125,0.19775390625,0.94921875,0.19140625,0.9999980926513672,0.959554107388048,0.12078657729770348
2,400,A,MLP,0.9599609375,0.19482421875,0.0,0.0,0.0,0.0,1.0,0.0,0.0
2,400,A,ChevronSlow,0.9833984375,0.1845703125,0.98291015625,0.18359375,0.9716796875,0.1943359375,1.0,0.9719194772766249,0.12479964015185858
2,400,A,IDLGated,0.98388671875,0.1826171875,0.98193359375,0.18115234375,0.96630859375,0.18994140625,0.9999957084655762,0.9216346073207018,0.11840636390494565
2,500,A,MLP,0.9736328125,0.18896484375,0.0,0.0,0.0,0.0,1.0,0.0,0.0
2,500,A,ChevronSlow,0.990234375,0.17919921875,0.990234375,0.1806640625,0.98779296875,0.17724609375,1.0,0.8238128695947512,0.12124569826831352
2,500,A,IDLGated,0.986328125,0.17919921875,0.9853515625,0.1806640625,0.97900390625,0.18115234375,0.999916672706604,0.7869342205763513,0.11198194456335782
2,600,A,MLP,0.978515625,0.1728515625,0.0,0.0,0.0,0.0,1.0,0.0,0.0
2,600,A,ChevronSlow,0.98828125,0.1689453125,0.98828125,0.16845703125,0.9873046875,0.17578125,1.0,0.6213676796071749,0.11159567254881352
2,600,A,IDLGated,0.98681640625,0.1708984375,0.98681640625,0.16943359375,0.98046875,0.17578125,0.9941427111625671,0.5933721636375263,0.1027767597106975
2,700,A,MLP,0.9833984375,0.17919921875,0.0,0.0,0.0,0.0,1.0,0.0,0.0
2,700,A,ChevronSlow,0.98828125,0.17578125,0.9873046875,0.17724609375,0.9931640625,0.1728515625,1.0,0.4298726826003633,0.09821477282194395
2,700,A,IDLGated,0.98779296875,0.177734375,0.98583984375,0.177734375,0.99169921875,0.17236328125,0.7383237481117249,0.407148841763806,0.09186096455480029
2,800,A,MLP,0.98486328125,0.17822265625,0.0,0.0,0.0,0.0,1.0,0.0,0.0
2,800,A,ChevronSlow,0.99267578125,0.1748046875,0.99169921875,0.17578125,0.9931640625,0.17041015625,1.0,0.24338012112426383,0.08728667753631333
2,800,A,IDLGated,0.98828125,0.1787109375,0.98828125,0.17919921875,0.99267578125,0.1728515625,0.052407748997211456,0.2284150102037323,0.08436818690742166
2,900,A,MLP,0.98291015625,0.18359375,0.0,0.0,0.0,0.0,1.0,0.0,0.0
2,900,A,ChevronSlow,0.9892578125,0.1787109375,0.98681640625,0.1796875,0.9912109375,0.1748046875,1.0,0.13333084877572102,0.07890926979591742
2,900,A,IDLGated,0.9873046875,0.1796875,0.98779296875,0.1806640625,0.98681640625,0.17529296875,0.005668593570590019,0.12513047113031775,0.07760983867593234
2,1000,A,MLP,0.98779296875,0.17529296875,0.0,0.0,0.0,0.0,1.0,0.0,0.0
2,1000,A,ChevronSlow,0.99267578125,0.17333984375,0.99267578125,0.17333984375,0.99267578125,0.173828125,1.0,0.0730413991122135,0.06856071900793008
2,1000,A,IDLGated,0.99169921875,0.17529296875,0.99169921875,0.17578125,0.9921875,0.173828125,0.0016391768585890532,0.06854906247767881,0.06848498818332323
2,1100,A,MLP,0.9873046875,0.1787109375,0.0,0.0,0.0,0.0,1.0,0.0,0.0
2,1100,A,ChevronSlow,0.99169921875,0.17822265625,0.9912109375,0.18017578125,0.99462890625,0.177734375,1.0,0.040013590502554014,0.059361412929473764
2,1100,A,IDLGated,0.98876953125,0.177734375,0.98681640625,0.177734375,0.99072265625,0.1767578125,0.0008295120787806809,0.03755259549590396,0.06076318874414427
2,1200,A,MLP,0.98974609375,0.17822265625,0.0,0.0,0.0,0.0,1.0,0.0,0.0
2,1200,A,ChevronSlow,0.9951171875,0.1748046875,0.99462890625,0.17529296875,0.9951171875,0.1748046875,1.0,0.02192027321993561,0.052098822051421176
2,1200,A,IDLGated,0.99267578125,0.1767578125,0.99267578125,0.177734375,0.9912109375,0.17578125,0.0005710778059437871,0.02057208920892505,0.05436623053198333
2,1300,A,MLP,0.99072265625,0.1748046875,0.0,0.0,0.0,0.0,1.0,0.0,0.0
2,1300,A,ChevronSlow,0.994140625,0.17431640625,0.9951171875,0.17431640625,0.9951171875,0.17333984375,1.0,0.012008379453124973,0.04814669610801281
2,1300,A,IDLGated,0.9921875,0.17431640625,0.9921875,0.1748046875,0.9921875,0.17431640625,0.00046543905045837164,0.01126981634241853,0.049852079409992395
2,1400,A,MLP,0.98681640625,0.181640625,0.0,0.0,0.0,0.0,1.0,0.0,0.0
2,1400,A,ChevronSlow,0.9921875,0.1796875,0.99072265625,0.1806640625,0.9951171875,0.177734375,1.0,0.006578438856277068,0.04185131791956585
2,1400,A,IDLGated,0.98974609375,0.18115234375,0.9892578125,0.181640625,0.99169921875,0.1787109375,0.0004160972312092781,0.00617383869484397,0.044822760309875045
2,1500,A,MLP,0.99267578125,0.17529296875,0.0,0.0,0.0,0.0,1.0,0.0,0.0
2,1500,A,ChevronSlow,0.99560546875,0.17578125,0.99560546875,0.1748046875,0.9951171875,0.177734375,1.0,0.0036038049892330917,0.03618082968768857
2,1500,A,IDLGated,0.99365234375,0.17724609375,0.99365234375,0.1767578125,0.9921875,0.17626953125,0.0003913204127456993,0.003382156644956727,0.03964239107592648
2,1600,A,MLP,0.99169921875,0.17431640625,0.0,0.0,0.0,0.0,1.0,0.0,0.0
2,1600,A,ChevronSlow,0.99365234375,0.17431640625,0.99365234375,0.173828125,0.99609375,0.17236328125,1.0,0.0019742389773873014,0.034626351118810676
2,1600,A,IDLGated,0.9931640625,0.1748046875,0.9921875,0.17578125,0.99462890625,0.173828125,0.0003783780848607421,0.0018528154259323472,0.037903806926253156
2,1700,A,MLP,0.98974609375,0.16748046875,0.0,0.0,0.0,0.0,1.0,0.0,0.0
2,1700,A,ChevronSlow,0.9921875,0.16845703125,0.9912109375,0.16845703125,0.99365234375,0.169921875,1.0,0.0010815289815847356,0.03179929337375427
2,1700,A,IDLGated,0.99072265625,0.16748046875,0.98974609375,0.1669921875,0.99267578125,0.17041015625,0.0003714704071171582,0.001015010646444138,0.03430877838495554
2,1800,A,MLP,0.9873046875,0.166015625,0.0,0.0,0.0,0.0,1.0,0.0,0.0
2,1800,A,ChevronSlow,0.98974609375,0.16748046875,0.98828125,0.16650390625,0.9951171875,0.17041015625,1.0,0.0005924839654192716,0.029642280373723257
2,1800,A,IDLGated,0.98828125,0.16650390625,0.98583984375,0.16455078125,0.9921875,0.17041015625,0.0003677399072330445,0.0005560438443977882,0.031129709261358423
2,1900,A,MLP,0.99267578125,0.17041015625,0.0,0.0,0.0,0.0,1.0,0.0,0.0
2,1900,A,ChevronSlow,0.99609375,0.17236328125,0.99609375,0.17236328125,0.99658203125,0.173828125,1.0,0.0003245749815826286,0.027272648932867006
2,1900,A,IDLGated,0.99609375,0.17236328125,0.99609375,0.171875,0.9951171875,0.17431640625,0.0003657120105344802,0.0003046123289207173,0.028680843679257974
2,2000,A,MLP,0.9931640625,0.1708984375,0.0,0.0,0.0,0.0,1.0,0.0,0.0
2,2000,A,ChevronSlow,0.99462890625,0.1708984375,0.99365234375,0.169921875,0.99658203125,0.17236328125,1.0,0.00017780889411043128,0.026115620085905414
2,2000,A,IDLGated,0.9931640625,0.17041015625,0.9931640625,0.17041015625,0.99462890625,0.17236328125,0.0003646058903541416,0.00016687293972473716,0.026970318350665917
2,2100,A,MLP,0.99072265625,0.16748046875,0.0,0.0,0.0,0.0,1.0,0.0,0.0
2,2100,A,ChevronSlow,0.99169921875,0.1669921875,0.98974609375,0.1650390625,0.99609375,0.1708984375,1.0,9.740739311026013e-05,0.025625635121302767
2,2100,A,IDLGated,0.9912109375,0.16748046875,0.98974609375,0.16650390625,0.99365234375,0.171875,0.00036400140379555523,9.141645090676389e-05,0.026420627656268077
2,2200,end_A,MLP,0.98974609375,0.17578125,0.0,0.0,0.0,0.0,1.0,0.0,0.0
2,2200,end_A,ChevronSlow,0.99462890625,0.1748046875,0.994140625,0.17529296875,0.99609375,0.1748046875,1.0,5.336178642809595e-05,0.02462478912511207
2,2200,end_A,IDLGated,0.9931640625,0.1728515625,0.99169921875,0.17236328125,0.9951171875,0.173828125,0.00036367069697007537,5.00798242673371e-05,0.02560572310161383
2,2300,B,MLP,0.12646484375,0.90478515625,0.0,0.0,0.0,0.0,1.0,0.0,0.0
2,2300,B,ChevronSlow,0.14501953125,0.92822265625,0.11572265625,0.923828125,0.861328125,0.3134765625,1.0,0.4860172481521803,0.13131992032046025
2,2300,B,IDLGated,0.123046875,0.92822265625,0.08642578125,0.90234375,0.95068359375,0.2138671875,0.9999966621398926,0.9337379609124724,0.1702885668682991
2,2400,B,MLP,0.16650390625,0.94921875,0.0,0.0,0.0,0.0,1.0,0.0,0.0
2,2400,B,ChevronSlow,0.15673828125,0.95263671875,0.1513671875,0.953125,0.15576171875,0.923828125,1.0,0.6912757085981918,0.15486019711710583
2,2400,B,IDLGated,0.1474609375,0.94921875,0.12548828125,0.94140625,0.8837890625,0.23974609375,1.0,1.3802525711831315,0.16677466717499123
2,2420,end_B,MLP,0.17236328125,0.94873046875,0.0,0.0,0.0,0.0,1.0,0.0,0.0
2,2420,end_B,ChevronSlow,0.1845703125,0.96484375,0.185546875,0.96337890625,0.15283203125,0.9248046875,1.0,0.6983140243669804,0.1591672562109299
2,2420,end_B,IDLGated,0.16845703125,0.95947265625,0.1484375,0.94873046875,0.8720703125,0.24951171875,1.0,1.3950218170583903,0.16707131760878652
3,0,A,MLP,0.3193359375,0.46923828125,0.0,0.0,0.0,0.0,1.0,0.0,0.0
3,0,A,ChevronSlow,0.38427734375,0.52392578125,0.38427734375,0.52392578125,0.38427734375,0.52392578125,1.0,0.0,0.0
3,0,A,IDLGated,0.53173828125,0.38671875,0.53173828125,0.38671875,0.53173828125,0.38671875,1.0,0.0,0.0
3,100,A,MLP,0.94970703125,0.2001953125,0.0,0.0,0.0,0.0,1.0,0.0,0.0
3,100,A,ChevronSlow,0.9599609375,0.1943359375,0.9599609375,0.19482421875,0.9619140625,0.19970703125,1.0,0.2952567863084891,0.12451590187278162
3,100,A,IDLGated,0.9619140625,0.19287109375,0.9609375,0.19140625,0.9482421875,0.20849609375,0.29414376616477966,0.3202116860171564,0.11735186290785508
3,200,A,MLP,0.95947265625,0.19189453125,0.0,0.0,0.0,0.0,1.0,0.0,0.0
3,200,A,ChevronSlow,0.97705078125,0.189453125,0.97802734375,0.18896484375,0.96923828125,0.208984375,1.0,0.8526078892806153,0.12246233521491907
3,200,A,IDLGated,0.9794921875,0.18798828125,0.97998046875,0.1865234375,0.958984375,0.20166015625,0.9999679327011108,0.8304307438323819,0.1159548192852274
3,300,A,MLP,0.9736328125,0.1884765625,0.0,0.0,0.0,0.0,1.0,0.0,0.0
3,300,A,ChevronSlow,0.98876953125,0.18115234375,0.98779296875,0.18115234375,0.984375,0.18359375,1.0,1.0231471667382388,0.11887741234526628
3,300,A,IDLGated,0.99072265625,0.18359375,0.99072265625,0.18359375,0.9765625,0.1875,0.9999980926513672,0.9587927904899022,0.11290439723282658
3,400,A,MLP,0.98095703125,0.1845703125,0.0,0.0,0.0,0.0,1.0,0.0,0.0
3,400,A,ChevronSlow,0.986328125,0.1884765625,0.986328125,0.1904296875,0.970703125,0.177734375,1.0,0.9732470645062237,0.11375377530535516
3,400,A,IDLGated,0.9853515625,0.18896484375,0.98583984375,0.189453125,0.98974609375,0.18408203125,0.9999910593032837,0.8883603867088941,0.10681578088112027
3,500,A,MLP,0.9921875,0.1748046875,0.0,0.0,0.0,0.0,1.0,0.0,0.0
3,500,A,ChevronSlow,0.9921875,0.17529296875,0.99072265625,0.1748046875,0.97265625,0.17333984375,1.0,0.8238213382887035,0.10775262799568416
3,500,A,IDLGated,0.9912109375,0.17578125,0.99169921875,0.17529296875,0.9912109375,0.18115234375,0.9997254014015198,0.7327184874943447,0.09938313200286235
3,600,A,MLP,0.9853515625,0.177734375,0.0,0.0,0.0,0.0,1.0,0.0,0.0
3,600,A,ChevronSlow,0.98291015625,0.17724609375,0.98193359375,0.1767578125,0.99072265625,0.177734375,1.0,0.5938231860484956,0.10078917087699818
3,600,A,IDLGated,0.98486328125,0.17724609375,0.9833984375,0.17626953125,0.98974609375,0.18359375,0.9660837054252625,0.5122434103703758,0.09268079785645715
3,700,A,MLP,0.99267578125,0.181640625,0.0,0.0,0.0,0.0,1.0,0.0,0.0
3,700,A,ChevronSlow,0.99267578125,0.18212890625,0.99169921875,0.1826171875,0.99267578125,0.1796875,1.0,0.3583821322413606,0.09424357077721941
3,700,A,IDLGated,0.9892578125,0.18310546875,0.99072265625,0.18310546875,0.99072265625,0.1826171875,0.20677323639392853,0.2988869778445357,0.08638484054866315
3,800,A,MLP,0.99365234375,0.18212890625,0.0,0.0,0.0,0.0,1.0,0.0,0.0
3,800,A,ChevronSlow,0.9931640625,0.18115234375,0.99267578125,0.181640625,0.99267578125,0.1796875,1.0,0.206302751102154,0.08529883167643687
3,800,A,IDLGated,0.99169921875,0.181640625,0.9921875,0.181640625,0.9912109375,0.1796875,0.014033879153430462,0.16672056498357402,0.07843487288786785
3,900,A,MLP,0.99365234375,0.17919921875,0.0,0.0,0.0,0.0,1.0,0.0,0.0
3,900,A,ChevronSlow,0.9931640625,0.1806640625,0.9931640625,0.1806640625,0.99169921875,0.1796875,1.0,0.11301691783682692,0.07502042869066035
3,900,A,IDLGated,0.99267578125,0.1806640625,0.99267578125,0.18017578125,0.99072265625,0.1806640625,0.0027030317578464746,0.09133297686916411,0.06908390911715769
3,1000,A,MLP,0.994140625,0.181640625,0.0,0.0,0.0,0.0,1.0,0.0,0.0
3,1000,A,ChevronSlow,0.99365234375,0.181640625,0.994140625,0.181640625,0.9921875,0.18212890625,1.0,0.06191300721438962,0.06598837042673696
3,1000,A,IDLGated,0.9921875,0.18115234375,0.99267578125,0.18212890625,0.99169921875,0.18359375,0.0010913475416600704,0.0500340954614995,0.06147612155520916
3,1100,A,MLP,0.990234375,0.18505859375,0.0,0.0,0.0,0.0,1.0,0.0,0.0
3,1100,A,ChevronSlow,0.9892578125,0.18798828125,0.98828125,0.189453125,0.99169921875,0.18408203125,1.0,0.033917227046161715,0.05993681596963984
3,1100,A,IDLGated,0.98828125,0.1875,0.98681640625,0.189453125,0.99169921875,0.18408203125,0.0006637201295234263,0.027409713276253078,0.056028322849912306
3,1200,A,MLP,0.99072265625,0.17822265625,0.0,0.0,0.0,0.0,1.0,0.0,0.0
3,1200,A,ChevronSlow,0.9912109375,0.1787109375,0.99072265625,0.1787109375,0.990234375,0.17919921875,1.0,0.018580559114458856,0.05165991609662479
3,1200,A,IDLGated,0.990234375,0.1787109375,0.990234375,0.1787109375,0.990234375,0.18017578125,0.0005053989589214325,0.015015608355796356,0.04883067842001212
3,1300,A,MLP,0.9951171875,0.181640625,0.0,0.0,0.0,0.0,1.0,0.0,0.0
3,1300,A,ChevronSlow,0.99462890625,0.1806640625,0.99462890625,0.1826171875,0.99267578125,0.18017578125,1.0,0.010178814928945347,0.04847191539813376
3,1300,A,IDLGated,0.99365234375,0.181640625,0.99365234375,0.181640625,0.99169921875,0.18017578125,0.00043530386756174266,0.00822586110340673,0.04637648931224818
3,1400,A,MLP,0.99365234375,0.1796875,0.0,0.0,0.0,0.0,1.0,0.0,0.0
3,1400,A,ChevronSlow,0.994140625,0.18017578125,0.9951171875,0.18017578125,0.9931640625,0.18017578125,1.0,0.005576165535142363,0.045297508955275324
3,1400,A,IDLGated,0.9931640625,0.18017578125,0.9931640625,0.18017578125,0.9921875,0.1806640625,0.0004011149285361171,0.00450629700037559,0.04401116326312048
3,1500,A,MLP,0.9873046875,0.18701171875,0.0,0.0,0.0,0.0,1.0,0.0,0.0
3,1500,A,ChevronSlow,0.98828125,0.185546875,0.98779296875,0.18603515625,0.99072265625,0.18408203125,1.0,0.003054738915321962,0.04097347742625484
3,1500,A,IDLGated,0.9873046875,0.18701171875,0.9873046875,0.1875,0.9912109375,0.1845703125,0.00038353740819729865,0.0024686427840586852,0.040385382823916724
3,1600,A,MLP,0.99072265625,0.17529296875,0.0,0.0,0.0,0.0,1.0,0.0,0.0
3,1600,A,ChevronSlow,0.990234375,0.17333984375,0.98876953125,0.17236328125,0.99267578125,0.17724609375,1.0,0.0016734492155897162,0.03892127604115057
3,1600,A,IDLGated,0.99072265625,0.1748046875,0.990234375,0.173828125,0.9921875,0.17822265625,0.00037423669709824026,0.001352373621795697,0.037552190580347984
3,1700,A,MLP,0.9951171875,0.18115234375,0.0,0.0,0.0,0.0,1.0,0.0,0.0
3,1700,A,ChevronSlow,0.99560546875,0.1796875,0.9951171875,0.1787109375,0.99560546875,0.18115234375,1.0,0.0009167501232630472,0.03605430541631082
3,1700,A,IDLGated,0.99462890625,0.1806640625,0.994140625,0.1806640625,0.994140625,0.1806640625,0.0003692374739330262,0.0007408582662259053,0.03463132417122268
3,1800,A,MLP,0.98828125,0.18505859375,0.0,0.0,0.0,0.0,1.0,0.0,0.0
3,1800,A,ChevronSlow,0.99169921875,0.185546875,0.9912109375,0.185546875,0.99267578125,0.18359375,1.0,0.0005022146956557914,0.03385369458507085
3,1800,A,IDLGated,0.99169921875,0.185546875,0.99072265625,0.185546875,0.99267578125,0.18359375,0.0003665271506179124,0.00040585749513988474,0.032794735402294425
3,1900,A,MLP,0.9951171875,0.1806640625,0.0,0.0,0.0,0.0,1.0,0.0,0.0
3,1900,A,ChevronSlow,0.99560546875,0.181640625,0.99560546875,0.18212890625,0.99560546875,0.18212890625,1.0,0.00027512360689398955,0.03135177652876442
3,1900,A,IDLGated,0.9951171875,0.18017578125,0.9951171875,0.18017578125,0.9951171875,0.18212890625,0.0003650508588179946,0.0002223371377096765,0.029077503768199297
3,2000,A,MLP,0.99462890625,0.1826171875,0.0,0.0,0.0,0.0,1.0,0.0,0.0
3,2000,A,ChevronSlow,0.994140625,0.181640625,0.994140625,0.18212890625,0.99609375,0.18310546875,1.0,0.00015071840733676394,0.028710411734420106
3,2000,A,IDLGated,0.99365234375,0.18408203125,0.99365234375,0.1826171875,0.9951171875,0.18310546875,0.00036424471181817353,0.00012180088675680028,0.026676535030217042
3,2100,A,MLP,0.9951171875,0.18017578125,0.0,0.0,0.0,0.0,1.0,0.0,0.0
3,2100,A,ChevronSlow,0.99560546875,0.1796875,0.99560546875,0.1796875,0.99560546875,0.18115234375,1.0,8.256666364105802e-05,0.027853961026948947
3,2100,A,IDLGated,0.9951171875,0.1806640625,0.99560546875,0.1787109375,0.99462890625,0.18115234375,0.00036380381789058447,6.672504723036747e-05,0.02602000715841002
3,2200,end_A,MLP,0.99462890625,0.1826171875,0.0,0.0,0.0,0.0,1.0,0.0,0.0
3,2200,end_A,ChevronSlow,0.99658203125,0.181640625,0.99658203125,0.181640625,0.9951171875,0.18212890625,1.0,4.523172759902643e-05,0.025210404711091223
3,2200,end_A,IDLGated,0.99560546875,0.18310546875,0.99560546875,0.18359375,0.99560546875,0.18310546875,0.0003635625180322677,3.6553362183516265e-05,0.0233627530965999
3,2300,B,MLP,0.1103515625,0.876953125,0.0,0.0,0.0,0.0,1.0,0.0,0.0
3,2300,B,ChevronSlow,0.1474609375,0.8837890625,0.1171875,0.89599609375,0.88330078125,0.31005859375,1.0,0.49631576708051284,0.12949174091172994
3,2300,B,IDLGated,0.15576171875,0.89990234375,0.1171875,0.89697265625,0.94580078125,0.220703125,0.9999985694885254,0.9706865482797963,0.1891973222961943
3,2400,B,MLP,0.16455078125,0.9375,0.0,0.0,0.0,0.0,1.0,0.0,0.0
3,2400,B,ChevronSlow,0.16015625,0.939453125,0.15380859375,0.939453125,0.2236328125,0.89990234375,1.0,0.6911945483769539,0.14277598107132766
3,2400,B,IDLGated,0.15869140625,0.94677734375,0.14697265625,0.931640625,0.8955078125,0.26513671875,1.0,1.5134037429309093,0.18665514748640485
3,2420,end_B,MLP,0.16259765625,0.95166015625,0.0,0.0,0.0,0.0,1.0,0.0,0.0
3,2420,end_B,ChevronSlow,0.1650390625,0.95751953125,0.1611328125,0.9609375,0.20458984375,0.9111328125,1.0,0.6898110470522814,0.14366453808929033
3,2420,end_B,IDLGated,0.1630859375,0.96044921875,0.15185546875,0.951171875,0.8828125,0.26513671875,1.0,1.5311637958510078,0.18650302053070347
4,0,A,MLP,0.2958984375,0.5830078125,0.0,0.0,0.0,0.0,1.0,0.0,0.0
4,0,A,ChevronSlow,0.5009765625,0.587890625,0.5009765625,0.587890625,0.5009765625,0.587890625,1.0,0.0,0.0
4,0,A,IDLGated,0.3486328125,0.78564453125,0.3486328125,0.78564453125,0.3486328125,0.78564453125,1.0,0.0,0.0
4,100,A,MLP,0.94189453125,0.2158203125,0.0,0.0,0.0,0.0,1.0,0.0,0.0
4,100,A,ChevronSlow,0.9365234375,0.2119140625,0.93603515625,0.2138671875,0.91357421875,0.1884765625,1.0,0.3038383412172319,0.11153653136900316
4,100,A,IDLGated,0.93798828125,0.212890625,0.93798828125,0.2119140625,0.93310546875,0.23876953125,0.282353937625885,0.31759931094720395,0.11665614635154241
4,200,A,MLP,0.95361328125,0.21044921875,0.0,0.0,0.0,0.0,1.0,0.0,0.0
4,200,A,ChevronSlow,0.94287109375,0.2119140625,0.94384765625,0.212890625,0.9169921875,0.20263671875,1.0,0.760611212871089,0.11003825393128673
4,200,A,IDLGated,0.94970703125,0.21240234375,0.94921875,0.21044921875,0.93310546875,0.23193359375,0.9998481273651123,0.7596607447496093,0.11527242819122752
4,300,A,MLP,0.9736328125,0.19873046875,0.0,0.0,0.0,0.0,1.0,0.0,0.0
4,300,A,ChevronSlow,0.96533203125,0.1982421875,0.970703125,0.19775390625,0.9296875,0.20947265625,1.0,0.903034036882342,0.11427438805335641
4,300,A,IDLGated,0.97021484375,0.197265625,0.97119140625,0.1943359375,0.943359375,0.2255859375,0.9999926090240479,0.8972370963519718,0.11610939412555434
4,400,A,MLP,0.982421875,0.2001953125,0.0,0.0,0.0,0.0,1.0,0.0,0.0
4,400,A,ChevronSlow,0.9814453125,0.2001953125,0.982421875,0.2001953125,0.96142578125,0.20361328125,1.0,0.9009398236431794,0.11686928310836685
4,400,A,IDLGated,0.98291015625,0.19921875,0.986328125,0.1962890625,0.9697265625,0.21435546875,0.9999910593032837,0.8884182485393508,0.11281063486905031
4,500,A,MLP,0.982421875,0.1904296875,0.0,0.0,0.0,0.0,1.0,0.0,0.0
4,500,A,ChevronSlow,0.98046875,0.18994140625,0.9794921875,0.18798828125,0.9755859375,0.19091796875,1.0,0.805243916017986,0.10927480389048681
4,500,A,IDLGated,0.98046875,0.189453125,0.97998046875,0.18701171875,0.978515625,0.19970703125,0.9998840093612671,0.7719022310780685,0.10710952692866599
4,600,A,MLP,0.98583984375,0.2021484375,0.0,0.0,0.0,0.0,1.0,0.0,0.0
4,600,A,ChevronSlow,0.984375,0.20263671875,0.98486328125,0.20458984375,0.9833984375,0.197265625,1.0,0.6131127329380804,0.10582602196799351
4,600,A,IDLGated,0.98486328125,0.2021484375,0.9853515625,0.2021484375,0.98291015625,0.2021484375,0.988335371017456,0.561793759086152,0.10227253995637617
4,700,A,MLP,0.9833984375,0.201171875,0.0,0.0,0.0,0.0,1.0,0.0,0.0
4,700,A,ChevronSlow,0.98095703125,0.2021484375,0.9814453125,0.201171875,0.982421875,0.203125,1.0,0.4190511147050845,0.09654191290069261
4,700,A,IDLGated,0.984375,0.2001953125,0.9833984375,0.19775390625,0.98291015625,0.2021484375,0.5285957455635071,0.36520490759910296,0.09544185045705764
4,800,A,MLP,0.98046875,0.19384765625,0.0,0.0,0.0,0.0,1.0,0.0,0.0
4,800,A,ChevronSlow,0.982421875,0.1953125,0.98193359375,0.19384765625,0.98486328125,0.2021484375,1.0,0.2444089036280089,0.08460235207544747
4,800,A,IDLGated,0.98291015625,0.19482421875,0.98193359375,0.1943359375,0.98779296875,0.2001953125,0.03236120566725731,0.20555007136288644,0.08568216794578798
4,900,A,MLP,0.98583984375,0.2041015625,0.0,0.0,0.0,0.0,1.0,0.0,0.0
4,900,A,ChevronSlow,0.9873046875,0.20556640625,0.9873046875,0.2060546875,0.9853515625,0.205078125,1.0,0.13389225704623778,0.07705979237538556
4,900,A,IDLGated,0.9873046875,0.20458984375,0.98681640625,0.20458984375,0.986328125,0.20263671875,0.0043091378174722195,0.1126045842940323,0.07970204250682457
4,1000,A,MLP,0.98876953125,0.19970703125,0.0,0.0,0.0,0.0,1.0,0.0,0.0
4,1000,A,ChevronSlow,0.98583984375,0.20068359375,0.9853515625,0.19970703125,0.98583984375,0.201171875,1.0,0.073348950184814,0.06613266932437707
4,1000,A,IDLGated,0.98876953125,0.20068359375,0.99072265625,0.1962890625,0.9892578125,0.20068359375,0.0014098186511546373,0.06168712236371064,0.06791024578430158
4,1100,A,MLP,0.98974609375,0.19287109375,0.0,0.0,0.0,0.0,1.0,0.0,0.0
4,1100,A,ChevronSlow,0.990234375,0.19580078125,0.98974609375,0.19580078125,0.98779296875,0.20068359375,1.0,0.04018207334690303,0.0572351340474909
4,1100,A,IDLGated,0.9931640625,0.1962890625,0.990234375,0.193359375,0.990234375,0.19921875,0.0007637215894646943,0.03379348264879722,0.06132126368016165
4,1200,A,MLP,0.9892578125,0.19775390625,0.0,0.0,0.0,0.0,1.0,0.0,0.0
4,1200,A,ChevronSlow,0.98974609375,0.19775390625,0.98974609375,0.19775390625,0.98876953125,0.2001953125,1.0,0.022012571609923055,0.05106059862353493
4,1200,A,IDLGated,0.99365234375,0.19775390625,0.99365234375,0.1962890625,0.9892578125,0.19873046875,0.0005457961233332753,0.018512769371883953,0.05423568204468161
4,1300,A,MLP,0.9853515625,0.2001953125,0.0,0.0,0.0,0.0,1.0,0.0,0.0
4,1300,A,ChevronSlow,0.986328125,0.20166015625,0.986328125,0.20263671875,0.9892578125,0.19970703125,1.0,0.012058942421878193,0.04671191018326069
4,1300,A,IDLGated,0.9892578125,0.201171875,0.9892578125,0.201171875,0.98828125,0.19921875,0.0004540344816632569,0.01014167830461127,0.04787955703899848
4,1400,A,MLP,0.98779296875,0.20263671875,0.0,0.0,0.0,0.0,1.0,0.0,0.0
4,1400,A,ChevronSlow,0.986328125,0.203125,0.986328125,0.203125,0.98974609375,0.20068359375,1.0,0.006606138297291016,0.04258783040498662
4,1400,A,IDLGated,0.98876953125,0.20263671875,0.9892578125,0.2021484375,0.990234375,0.19921875,0.00041048036655411124,0.005555821323547126,0.04385726273561986
4,1500,A,MLP,0.986328125,0.1982421875,0.0,0.0,0.0,0.0,1.0,0.0,0.0
4,1500,A,ChevronSlow,0.986328125,0.19921875,0.98583984375,0.19970703125,0.98974609375,0.19970703125,1.0,0.0036189793164414065,0.037910407185726164
4,1500,A,IDLGated,0.98876953125,0.19873046875,0.98876953125,0.19873046875,0.99072265625,0.20068359375,0.0003884177131112665,0.0030435939350537348,0.039041390873344343
4,1600,A,MLP,0.98876953125,0.20068359375,0.0,0.0,0.0,0.0,1.0,0.0,0.0
4,1600,A,ChevronSlow,0.98974609375,0.201171875,0.98828125,0.2021484375,0.9892578125,0.1982421875,1.0,0.0019825517879638417,0.03557752869914439
4,1600,A,IDLGated,0.99267578125,0.20068359375,0.99072265625,0.201171875,0.99267578125,0.19921875,0.0003768379392568022,0.0016673437646806115,0.03572329611331906
4,1700,A,MLP,0.98876953125,0.20263671875,0.0,0.0,0.0,0.0,1.0,0.0,0.0
4,1700,A,ChevronSlow,0.98828125,0.20458984375,0.9873046875,0.2041015625,0.98974609375,0.201171875,1.0,0.0010860829113064814,0.03224850782275945
4,1700,A,IDLGated,0.98974609375,0.2021484375,0.9892578125,0.2021484375,0.98974609375,0.201171875,0.0003706412680912763,0.0009134054308628502,0.03187363816683292
4,1800,A,MLP,0.98974609375,0.1943359375,0.0,0.0,0.0,0.0,1.0,0.0,0.0
4,1800,A,ChevronSlow,0.98876953125,0.1953125,0.98779296875,0.1943359375,0.99072265625,0.2001953125,1.0,0.0005949787023941674,0.030247387808925417
4,1800,A,IDLGated,0.9921875,0.1953125,0.9912109375,0.1953125,0.9931640625,0.19873046875,0.00036728987470269203,0.0005003824039187062,0.03043622690748887
4,1900,A,MLP,0.98583984375,0.2041015625,0.0,0.0,0.0,0.0,1.0,0.0,0.0
4,1900,A,ChevronSlow,0.98583984375,0.205078125,0.98486328125,0.2060546875,0.98828125,0.2021484375,1.0,0.00032594165014235434,0.028416505620209136
4,1900,A,IDLGated,0.9873046875,0.2041015625,0.98681640625,0.20458984375,0.98974609375,0.20166015625,0.00036546681076288223,0.00027411983954916784,0.029054921030055303
4,2000,A,MLP,0.990234375,0.20068359375,0.0,0.0,0.0,0.0,1.0,0.0,0.0
4,2000,A,ChevronSlow,0.99169921875,0.19970703125,0.99169921875,0.19921875,0.990234375,0.2001953125,1.0,0.00017855758343958246,0.027853137730542633
4,2000,A,IDLGated,0.9921875,0.197265625,0.99267578125,0.197265625,0.99169921875,0.2001953125,0.000364472100045532,0.00015016852280574854,0.028715187112648827
4,2100,A,MLP,0.9921875,0.2001953125,0.0,0.0,0.0,0.0,1.0,0.0,0.0
4,2100,A,ChevronSlow,0.99169921875,0.20068359375,0.99169921875,0.2001953125,0.9912109375,0.2001953125,1.0,9.781754062378561e-05,0.02567138608731367
4,2100,A,IDLGated,0.99365234375,0.19921875,0.994140625,0.19873046875,0.9921875,0.19970703125,0.0003639281785581261,8.226542551151537e-05,0.025646716934961008
4,2200,end_A,MLP,0.98583984375,0.2060546875,0.0,0.0,0.0,0.0,1.0,0.0,0.0
4,2200,end_A,ChevronSlow,0.98779296875,0.20703125,0.9873046875,0.20849609375,0.98974609375,0.201171875,1.0,5.3586473726687196e-05,0.026014139089387524
4,2200,end_A,IDLGated,0.98828125,0.20751953125,0.98779296875,0.2080078125,0.9912109375,0.20068359375,0.0003636304463725537,4.506670311557212e-05,0.026046705995692816
4,2300,B,MLP,0.14794921875,0.91064453125,0.0,0.0,0.0,0.0,1.0,0.0,0.0
4,2300,B,ChevronSlow,0.1767578125,0.9287109375,0.16015625,0.931640625,0.89208984375,0.3046875,1.0,0.47637019393783214,0.13248838241077898
4,2300,B,IDLGated,0.15478515625,0.8857421875,0.12646484375,0.880859375,0.93212890625,0.2431640625,0.9999936819076538,0.9039114850352444,0.15560878367451206
4,2400,B,MLP,0.18115234375,0.947265625,0.0,0.0,0.0,0.0,1.0,0.0,0.0
4,2400,B,ChevronSlow,0.19873046875,0.9677734375,0.19580078125,0.9716796875,0.203125,0.8994140625,1.0,0.6566740378456944,0.14604046124859474
4,2400,B,IDLGated,0.1689453125,0.9375,0.1552734375,0.9248046875,0.869140625,0.29345703125,1.0,1.3045055607540927,0.17854302808363254
4,2420,end_B,MLP,0.1669921875,0.939453125,0.0,0.0,0.0,0.0,1.0,0.0,0.0
4,2420,end_B,ChevronSlow,0.18017578125,0.95458984375,0.17626953125,0.95361328125,0.18505859375,0.916015625,1.0,0.6617803245032119,0.14610745544261747
4,2420,end_B,IDLGated,0.17041015625,0.94189453125,0.154296875,0.92626953125,0.86669921875,0.3076171875,1.0,1.3013784934284995,0.17794056282473894
5,0,A,MLP,0.3349609375,0.51708984375,0.0,0.0,0.0,0.0,1.0,0.0,0.0
5,0,A,ChevronSlow,0.65673828125,0.21142578125,0.65673828125,0.21142578125,0.65673828125,0.21142578125,1.0,0.0,0.0
5,0,A,IDLGated,0.28955078125,0.5166015625,0.28955078125,0.5166015625,0.28955078125,0.5166015625,1.0,0.0,0.0
5,100,A,MLP,0.94580078125,0.22265625,0.0,0.0,0.0,0.0,1.0,0.0,0.0
5,100,A,ChevronSlow,0.93212890625,0.22802734375,0.93212890625,0.228515625,0.927734375,0.2001953125,1.0,0.3151861357061389,0.10805501400390248
5,100,A,IDLGated,0.9326171875,0.22998046875,0.9326171875,0.22802734375,0.92919921875,0.24560546875,0.2955293655395508,0.320514612556715,0.1237664489021716
5,200,A,MLP,0.9658203125,0.20654296875,0.0,0.0,0.0,0.0,1.0,0.0,0.0
5,200,A,ChevronSlow,0.95654296875,0.21142578125,0.9560546875,0.2109375,0.9423828125,0.20166015625,1.0,0.7579942926856755,0.10849500851137657
5,200,A,IDLGated,0.95751953125,0.2138671875,0.958984375,0.212890625,0.94384765625,0.2373046875,0.9999573230743408,0.8173977327320752,0.12198489089553345
5,300,A,MLP,0.9775390625,0.203125,0.0,0.0,0.0,0.0,1.0,0.0,0.0
5,300,A,ChevronSlow,0.966796875,0.2080078125,0.96728515625,0.20654296875,0.9462890625,0.2041015625,1.0,0.8718186544587228,0.10838567019227276
5,300,A,IDLGated,0.97216796875,0.2060546875,0.97216796875,0.2041015625,0.95263671875,0.22607421875,0.9999982118606567,0.9629836557731953,0.11937077093266886
5,400,A,MLP,0.97900390625,0.19384765625,0.0,0.0,0.0,0.0,1.0,0.0,0.0
5,400,A,ChevronSlow,0.9775390625,0.1943359375,0.97900390625,0.19384765625,0.9599609375,0.20751953125,1.0,0.8218877070336036,0.11291810338943765
5,400,A,IDLGated,0.97802734375,0.19384765625,0.97705078125,0.19091796875,0.962890625,0.21923828125,0.9999961853027344,0.9268432764599532,0.12120980305489171
5,500,A,MLP,0.98193359375,0.19580078125,0.0,0.0,0.0,0.0,1.0,0.0,0.0
5,500,A,ChevronSlow,0.98291015625,0.19482421875,0.98193359375,0.19580078125,0.96728515625,0.2099609375,1.0,0.6961090711272486,0.10933208249008323
5,500,A,IDLGated,0.982421875,0.19482421875,0.98388671875,0.19287109375,0.9775390625,0.21484375,0.9999420642852783,0.8034721154252371,0.11510706808909388
5,600,A,MLP,0.9892578125,0.2041015625,0.0,0.0,0.0,0.0,1.0,0.0,0.0
5,600,A,ChevronSlow,0.986328125,0.2099609375,0.98583984375,0.20751953125,0.978515625,0.2158203125,1.0,0.5253142099716447,0.10066392364115007
5,600,A,IDLGated,0.98876953125,0.20654296875,0.98876953125,0.20458984375,0.98095703125,0.2138671875,0.9968840479850769,0.6221865196975908,0.10477786419953511
5,700,A,MLP,0.9853515625,0.2080078125,0.0,0.0,0.0,0.0,1.0,0.0,0.0
5,700,A,ChevronSlow,0.984375,0.2109375,0.9833984375,0.2119140625,0.98046875,0.21044921875,1.0,0.3632586457086157,0.09336669593446657
5,700,A,IDLGated,0.986328125,0.20947265625,0.9853515625,0.2099609375,0.984375,0.2099609375,0.8658797740936279,0.4447731723308321,0.09654843416265255
5,800,A,MLP,0.98779296875,0.19921875,0.0,0.0,0.0,0.0,1.0,0.0,0.0
5,800,A,ChevronSlow,0.98388671875,0.19970703125,0.98291015625,0.197265625,0.98291015625,0.20458984375,1.0,0.21533964868005448,0.0834073339664933
5,800,A,IDLGated,0.98681640625,0.19921875,0.98583984375,0.1982421875,0.9873046875,0.20458984375,0.14955711364746094,0.28099641144997,0.08501512048325172
5,900,A,MLP,0.9736328125,0.2109375,0.0,0.0,0.0,0.0,1.0,0.0,0.0
5,900,A,ChevronSlow,0.97412109375,0.21142578125,0.97119140625,0.2109375,0.98486328125,0.21044921875,1.0,0.1179675174076279,0.0749360487640236
5,900,A,IDLGated,0.9736328125,0.21044921875,0.97314453125,0.21240234375,0.98095703125,0.208984375,0.010716305114328861,0.15430842319697122,0.07705811878742916
5,1000,A,MLP,0.98779296875,0.2001953125,0.0,0.0,0.0,0.0,1.0,0.0,0.0
5,1000,A,ChevronSlow,0.98828125,0.205078125,0.98828125,0.20361328125,0.9873046875,0.20458984375,1.0,0.06462504814427132,0.06711906245027799
5,1000,A,IDLGated,0.9892578125,0.20068359375,0.9892578125,0.2001953125,0.98876953125,0.20263671875,0.002328344853594899,0.08453334864810896,0.06756845366549341
5,1100,A,MLP,0.98779296875,0.2041015625,0.0,0.0,0.0,0.0,1.0,0.0,0.0
5,1100,A,ChevronSlow,0.98583984375,0.20361328125,0.98681640625,0.2021484375,0.98828125,0.205078125,1.0,0.03540293921095384,0.05881179371224043
5,1100,A,IDLGated,0.98828125,0.20361328125,0.9873046875,0.203125,0.98876953125,0.20751953125,0.001005565281957388,0.046309118359282156,0.06016183976446479
5,1200,A,MLP,0.984375,0.1923828125,0.0,0.0,0.0,0.0,1.0,0.0,0.0
5,1200,A,ChevronSlow,0.98681640625,0.197265625,0.9853515625,0.19580078125,0.98779296875,0.2041015625,1.0,0.019394462994850346,0.05253355166058068
5,1200,A,IDLGated,0.984375,0.193359375,0.984375,0.19189453125,0.9892578125,0.20263671875,0.0006346006994135678,0.0253690937069246,0.055177264712208476
5,1300,A,MLP,0.98828125,0.21142578125,0.0,0.0,0.0,0.0,1.0,0.0,0.0
5,1300,A,ChevronSlow,0.98779296875,0.21142578125,0.986328125,0.21142578125,0.98876953125,0.20947265625,1.0,0.010624688323681295,0.04780170196068964
5,1300,A,IDLGated,0.98828125,0.21142578125,0.98828125,0.2119140625,0.9892578125,0.208984375,0.0004931272123940289,0.013897714711766275,0.05045670455649064
5,1400,A,MLP,0.98828125,0.20556640625,0.0,0.0,0.0,0.0,1.0,0.0,0.0
5,1400,A,ChevronSlow,0.98876953125,0.20458984375,0.98828125,0.2060546875,0.98974609375,0.20703125,1.0,0.005820424211041206,0.0427285925730031
5,1400,A,IDLGated,0.98828125,0.205078125,0.98779296875,0.2060546875,0.9892578125,0.20556640625,0.0004294808313716203,0.007613455823095669,0.04588640359580586
5,1500,A,MLP,0.98876953125,0.203125,0.0,0.0,0.0,0.0,1.0,0.0,0.0
5,1500,A,ChevronSlow,0.9892578125,0.203125,0.9892578125,0.20263671875,0.9873046875,0.205078125,1.0,0.0031885488745082196,0.03889224014920301
5,1500,A,IDLGated,0.9892578125,0.203125,0.98681640625,0.20068359375,0.98828125,0.20263671875,0.0003981664194725454,0.004170808710093497,0.04280180141332991
5,1600,A,MLP,0.98828125,0.2060546875,0.0,0.0,0.0,0.0,1.0,0.0,0.0
5,1600,A,ChevronSlow,0.98876953125,0.20703125,0.9873046875,0.20751953125,0.9912109375,0.2080078125,1.0,0.0017467530813031417,0.03476712083493399
5,1600,A,IDLGated,0.98876953125,0.2060546875,0.98779296875,0.20751953125,0.990234375,0.2041015625,0.00038199027767404914,0.0022848553535204786,0.03942072425908967
5,1700,A,MLP,0.9873046875,0.1953125,0.0,0.0,0.0,0.0,1.0,0.0,0.0
5,1700,A,ChevronSlow,0.98828125,0.19677734375,0.9873046875,0.19384765625,0.990234375,0.20263671875,1.0,0.0009569074984032065,0.0327706400546524
5,1700,A,IDLGated,0.98828125,0.1962890625,0.9873046875,0.1943359375,0.98876953125,0.20068359375,0.0003734090132638812,0.001251691062665437,0.0379230364334102
5,1800,A,MLP,0.98828125,0.2080078125,0.0,0.0,0.0,0.0,1.0,0.0,0.0
5,1800,A,ChevronSlow,0.98779296875,0.2080078125,0.98779296875,0.2080078125,0.98974609375,0.20849609375,1.0,0.0005242137370767693,0.030279125484656215
5,1800,A,IDLGated,0.9892578125,0.20556640625,0.98876953125,0.205078125,0.98876953125,0.2060546875,0.0003687900025397539,0.0006857022760510985,0.03422088707048167
5,1900,A,MLP,0.98681640625,0.20751953125,0.0,0.0,0.0,0.0,1.0,0.0,0.0
5,1900,A,ChevronSlow,0.98779296875,0.20556640625,0.98876953125,0.2060546875,0.98876953125,0.20751953125,1.0,0.000287175137198268,0.027614282043263428
5,1900,A,IDLGated,0.9892578125,0.2060546875,0.98974609375,0.20703125,0.98974609375,0.2041015625,0.00036628369707614183,0.00037564190190861264,0.030690443966060268
5,2000,A,MLP,0.98828125,0.19921875,0.0,0.0,0.0,0.0,1.0,0.0,0.0
5,2000,A,ChevronSlow,0.98828125,0.19775390625,0.98583984375,0.1962890625,0.9892578125,0.203125,1.0,0.00015732048512259183,0.02854871857477735
5,2000,A,IDLGated,0.98974609375,0.19970703125,0.986328125,0.19775390625,0.9892578125,0.20263671875,0.0003649181453511119,0.00020578441022850642,0.03014699344117596
5,2100,A,MLP,0.98779296875,0.20751953125,0.0,0.0,0.0,0.0,1.0,0.0,0.0
5,2100,A,ChevronSlow,0.98876953125,0.2080078125,0.98828125,0.20751953125,0.9892578125,0.2080078125,1.0,8.618341852526108e-05,0.025156048905756425
5,2100,A,IDLGated,0.98828125,0.20947265625,0.98828125,0.2099609375,0.98876953125,0.20654296875,0.00036417198134586215,0.00011273295997579245,0.028251926135307744
5,2200,end_A,MLP,0.99072265625,0.2099609375,0.0,0.0,0.0,0.0,1.0,0.0,0.0
5,2200,end_A,ChevronSlow,0.99072265625,0.21044921875,0.990234375,0.21044921875,0.990234375,0.208984375,1.0,4.721306079696095e-05,0.025073164393880687
5,2200,end_A,IDLGated,0.9912109375,0.21044921875,0.99072265625,0.2109375,0.9912109375,0.20751953125,0.00036376394564285874,6.175744921975212e-05,0.02697996391041729
5,2300,B,MLP,0.125,0.91259765625,0.0,0.0,0.0,0.0,1.0,0.0,0.0
5,2300,B,ChevronSlow,0.11181640625,0.873046875,0.10107421875,0.86865234375,0.544921875,0.6572265625,1.0,0.45730599788784576,0.10356116895704046
5,2300,B,IDLGated,0.140625,0.92236328125,0.10791015625,0.8984375,0.94287109375,0.22900390625,0.9999972581863403,0.9411564887174255,0.18531858271964388
5,2400,B,MLP,0.14990234375,0.93798828125,0.0,0.0,0.0,0.0,1.0,0.0,0.0
5,2400,B,ChevronSlow,0.150390625,0.9345703125,0.14599609375,0.9306640625,0.39306640625,0.80126953125,1.0,0.660174439015978,0.14690223247305262
5,2400,B,IDLGated,0.16748046875,0.955078125,0.154296875,0.94091796875,0.884765625,0.267578125,1.0,1.3689812288400092,0.18198950541312212
5,2420,end_B,MLP,0.16162109375,0.94921875,0.0,0.0,0.0,0.0,1.0,0.0,0.0
5,2420,end_B,ChevronSlow,0.16650390625,0.951171875,0.16455078125,0.951171875,0.37890625,0.80810546875,1.0,0.666588366978846,0.15445265429607297
5,2420,end_B,IDLGated,0.18115234375,0.9658203125,0.16748046875,0.9580078125,0.8681640625,0.2744140625,1.0,1.377316186494094,0.18302331641144748
6,0,A,MLP,0.48681640625,0.638671875,0.0,0.0,0.0,0.0,1.0,0.0,0.0
6,0,A,ChevronSlow,0.51318359375,0.361328125,0.51318359375,0.361328125,0.51318359375,0.361328125,1.0,0.0,0.0
6,0,A,IDLGated,0.5537109375,0.32470703125,0.5537109375,0.32470703125,0.5537109375,0.32470703125,1.0,0.0,0.0
6,100,A,MLP,0.9423828125,0.2236328125,0.0,0.0,0.0,0.0,1.0,0.0,0.0
6,100,A,ChevronSlow,0.9453125,0.21875,0.94482421875,0.2177734375,0.93359375,0.24072265625,1.0,0.3215410076122732,0.12345679444696359
6,100,A,IDLGated,0.94873046875,0.21728515625,0.94873046875,0.21826171875,0.9501953125,0.21728515625,0.17775996029376984,0.2903818985493388,0.12905519118463196
6,200,A,MLP,0.95068359375,0.2275390625,0.0,0.0,0.0,0.0,1.0,0.0,0.0
6,200,A,ChevronSlow,0.95703125,0.2236328125,0.95703125,0.22216796875,0.943359375,0.2421875,1.0,0.8220128275728124,0.12162053412004242
6,200,A,IDLGated,0.96142578125,0.22216796875,0.9609375,0.2216796875,0.953125,0.23779296875,0.9999436140060425,0.8047428938385717,0.13069102227109045
6,300,A,MLP,0.96044921875,0.21533203125,0.0,0.0,0.0,0.0,1.0,0.0,0.0
6,300,A,ChevronSlow,0.97509765625,0.20361328125,0.97509765625,0.19921875,0.955078125,0.23828125,1.0,0.9618145996756235,0.12058368792508962
6,300,A,IDLGated,0.98095703125,0.20458984375,0.9833984375,0.2041015625,0.96337890625,0.2314453125,0.9999986886978149,0.9747857155628123,0.127628087202458
6,400,A,MLP,0.9755859375,0.2080078125,0.0,0.0,0.0,0.0,1.0,0.0,0.0
6,400,A,ChevronSlow,0.9814453125,0.2080078125,0.984375,0.20654296875,0.9619140625,0.2275390625,1.0,0.9324965250062186,0.1190859582229503
6,400,A,IDLGated,0.9853515625,0.2060546875,0.9873046875,0.205078125,0.9716796875,0.22509765625,0.9999973773956299,0.9434722768472893,0.12123226628657638
6,500,A,MLP,0.984375,0.19970703125,0.0,0.0,0.0,0.0,1.0,0.0,0.0
6,500,A,ChevronSlow,0.9873046875,0.1962890625,0.98681640625,0.1943359375,0.9765625,0.2109375,1.0,0.8017922655880684,0.11714880958784309
6,500,A,IDLGated,0.98828125,0.19580078125,0.986328125,0.1943359375,0.97900390625,0.21435546875,0.9999203681945801,0.7890082137113368,0.1150040121188864
6,600,A,MLP,0.9794921875,0.19873046875,0.0,0.0,0.0,0.0,1.0,0.0,0.0
6,600,A,ChevronSlow,0.98046875,0.201171875,0.98046875,0.20068359375,0.98193359375,0.20556640625,1.0,0.6080927572992185,0.10764982997152973
6,600,A,IDLGated,0.9833984375,0.19970703125,0.98193359375,0.1982421875,0.984375,0.20751953125,0.9920814037322998,0.5795724654526188,0.10488525571993902
6,700,A,MLP,0.9892578125,0.197265625,0.0,0.0,0.0,0.0,1.0,0.0,0.0
6,700,A,ChevronSlow,0.98876953125,0.19873046875,0.98828125,0.19677734375,0.9833984375,0.20751953125,1.0,0.3917442702389196,0.09712388321063288
6,700,A,IDLGated,0.990234375,0.19677734375,0.9921875,0.1962890625,0.98291015625,0.20751953125,0.4794120788574219,0.3562546285625688,0.09533231714012504
6,800,A,MLP,0.990234375,0.2001953125,0.0,0.0,0.0,0.0,1.0,0.0,0.0
6,800,A,ChevronSlow,0.98876953125,0.20068359375,0.98876953125,0.201171875,0.9892578125,0.201171875,1.0,0.22301820389284727,0.08775124766515027
6,800,A,IDLGated,0.990234375,0.19921875,0.9892578125,0.19970703125,0.9892578125,0.201171875,0.02592199482023716,0.19516366054327786,0.08667404741088627
6,900,A,MLP,0.9921875,0.205078125,0.0,0.0,0.0,0.0,1.0,0.0,0.0
6,900,A,ChevronSlow,0.98876953125,0.20849609375,0.98876953125,0.20849609375,0.986328125,0.20654296875,1.0,0.12217398891105466,0.07538134426721804
6,900,A,IDLGated,0.98828125,0.2080078125,0.98681640625,0.20947265625,0.98876953125,0.20703125,0.0038040531799197197,0.10691469343243151,0.07672357299809132
6,1000,A,MLP,0.990234375,0.20263671875,0.0,0.0,0.0,0.0,1.0,0.0,0.0
6,1000,A,ChevronSlow,0.98828125,0.20361328125,0.98828125,0.20361328125,0.98876953125,0.20263671875,1.0,0.06692944031425428,0.06839968773762042
6,1000,A,IDLGated,0.9921875,0.205078125,0.9921875,0.20556640625,0.990234375,0.20263671875,0.0013165038544684649,0.058570082360266264,0.06967321190653794
6,1100,A,MLP,0.98583984375,0.1982421875,0.0,0.0,0.0,0.0,1.0,0.0,0.0
6,1100,A,ChevronSlow,0.9853515625,0.20068359375,0.986328125,0.20068359375,0.986328125,0.20068359375,1.0,0.03666533294611947,0.06115977757412894
6,1100,A,IDLGated,0.98974609375,0.19921875,0.98974609375,0.2001953125,0.98876953125,0.19970703125,0.0007355840061791241,0.032085903607406076,0.06382211942962036
6,1200,A,MLP,0.99169921875,0.19677734375,0.0,0.0,0.0,0.0,1.0,0.0,0.0
6,1200,A,ChevronSlow,0.98974609375,0.197265625,0.9892578125,0.1962890625,0.98876953125,0.19970703125,1.0,0.020086028416458776,0.0544958004358146
6,1200,A,IDLGated,0.9921875,0.19775390625,0.99169921875,0.197265625,0.9912109375,0.19873046875,0.0005346844554878771,0.01757732222350718,0.056995171471962286
6,1300,A,MLP,0.9951171875,0.1962890625,0.0,0.0,0.0,0.0,1.0,0.0,0.0
6,1300,A,ChevronSlow,0.98974609375,0.19677734375,0.99072265625,0.1953125,0.98974609375,0.19970703125,1.0,0.01100354217810231,0.048278036890394276
6,1300,A,IDLGated,0.9951171875,0.1962890625,0.994140625,0.19677734375,0.99267578125,0.1982421875,0.0004489468119572848,0.009629220991541114,0.05136030341556621
6,1400,A,MLP,0.98779296875,0.205078125,0.0,0.0,0.0,0.0,1.0,0.0,0.0
6,1400,A,ChevronSlow,0.98681640625,0.205078125,0.98583984375,0.20556640625,0.9892578125,0.203125,1.0,0.006027968195348343,0.04243198347663868
6,1400,A,IDLGated,0.98876953125,0.20263671875,0.98876953125,0.20263671875,0.99267578125,0.20166015625,0.0004079540667589754,0.005275086598795673,0.04576291132334107
6,1500,A,MLP,0.99267578125,0.20458984375,0.0,0.0,0.0,0.0,1.0,0.0,0.0
6,1500,A,ChevronSlow,0.99072265625,0.2060546875,0.99072265625,0.2060546875,0.9912109375,0.2041015625,1.0,0.0033022457655901634,0.037993870521541975
6,1500,A,IDLGated,0.99169921875,0.2041015625,0.99169921875,0.20458984375,0.9921875,0.2041015625,0.00038710617809556425,0.002889801641195917,0.041703883793889736
6,1600,A,MLP,0.99072265625,0.2060546875,0.0,0.0,0.0,0.0,1.0,0.0,0.0
6,1600,A,ChevronSlow,0.990234375,0.20556640625,0.98974609375,0.20654296875,0.99169921875,0.20458984375,1.0,0.0018090385919376942,0.03565577424439623
6,1600,A,IDLGated,0.9921875,0.205078125,0.99072265625,0.20556640625,0.99267578125,0.2021484375,0.00037614040775224566,0.0015830931623691596,0.03993230848573358
6,1700,A,MLP,0.9921875,0.19921875,0.0,0.0,0.0,0.0,1.0,0.0,0.0
6,1700,A,ChevronSlow,0.99072265625,0.19873046875,0.9912109375,0.1982421875,0.990234375,0.201171875,1.0,0.0009910287905343248,0.032897284137918405
6,1700,A,IDLGated,0.99169921875,0.20068359375,0.9912109375,0.2001953125,0.99267578125,0.20263671875,0.0003702653048094362,0.0008672512068000721,0.03670705122183988
6,1800,A,MLP,0.994140625,0.203125,0.0,0.0,0.0,0.0,1.0,0.0,0.0
6,1800,A,ChevronSlow,0.994140625,0.203125,0.99462890625,0.20166015625,0.994140625,0.20263671875,1.0,0.0005429060872692278,0.02941051481184332
6,1800,A,IDLGated,0.9951171875,0.20263671875,0.99560546875,0.2021484375,0.99365234375,0.20263671875,0.0003670857986435294,0.0004750981645139556,0.03359653567771876
6,1900,A,MLP,0.9951171875,0.19970703125,0.0,0.0,0.0,0.0,1.0,0.0,0.0
6,1900,A,ChevronSlow,0.99365234375,0.20068359375,0.994140625,0.2001953125,0.99267578125,0.20263671875,1.0,0.0002974151935939883,0.027398322833117987
6,1900,A,IDLGated,0.9951171875,0.2001953125,0.994140625,0.2001953125,0.9951171875,0.201171875,0.0003653555177152157,0.00026026860978074654,0.03214170927320987
6,2000,A,MLP,0.99462890625,0.19384765625,0.0,0.0,0.0,0.0,1.0,0.0,0.0
6,2000,A,ChevronSlow,0.99365234375,0.1923828125,0.99267578125,0.19091796875,0.9931640625,0.197265625,1.0,0.00016293020000102555,0.02696313707113053
6,2000,A,IDLGated,0.99365234375,0.19384765625,0.99169921875,0.19140625,0.99609375,0.19775390625,0.0003644110984168947,0.00014258053239692695,0.030032449345756128
6,2100,A,MLP,0.9912109375,0.205078125,0.0,0.0,0.0,0.0,1.0,0.0,0.0
6,2100,A,ChevronSlow,0.99072265625,0.20556640625,0.99072265625,0.20654296875,0.99365234375,0.2041015625,1.0,8.925653646536088e-05,0.025405320773540324
6,2100,A,IDLGated,0.99169921875,0.20458984375,0.9912109375,0.20556640625,0.9931640625,0.2041015625,0.0003638948837760836,7.810856728253439e-05,0.028642266220470863
6,2200,end_A,MLP,0.9921875,0.20263671875,0.0,0.0,0.0,0.0,1.0,0.0,0.0
6,2200,end_A,ChevronSlow,0.99365234375,0.20166015625,0.99365234375,0.2021484375,0.99365234375,0.203125,1.0,4.889657842279793e-05,0.02458119699197088
6,2200,end_A,IDLGated,0.9931640625,0.20166015625,0.99267578125,0.2021484375,0.99365234375,0.2021484375,0.00036361225647851825,4.2789490124401385e-05,0.027629125624476673
6,2300,B,MLP,0.146484375,0.89599609375,0.0,0.0,0.0,0.0,1.0,0.0,0.0
6,2300,B,ChevronSlow,0.10595703125,0.90478515625,0.0888671875,0.89697265625,0.87451171875,0.34130859375,1.0,0.46924874293480034,0.11402219211840162
6,2300,B,IDLGated,0.11962890625,0.904296875,0.0751953125,0.88427734375,0.94287109375,0.26220703125,0.9999973773956299,0.9434894952246293,0.16572618773534253
6,2400,B,MLP,0.13427734375,0.93212890625,0.0,0.0,0.0,0.0,1.0,0.0,0.0
6,2400,B,ChevronSlow,0.14501953125,0.95458984375,0.140625,0.95458984375,0.1806640625,0.9013671875,1.0,0.6503989144302025,0.14788327613036067
6,2400,B,IDLGated,0.13916015625,0.94775390625,0.12158203125,0.93505859375,0.8681640625,0.33837890625,1.0,1.3051574707318432,0.17244701553116906
6,2420,end_B,MLP,0.1376953125,0.935546875,0.0,0.0,0.0,0.0,1.0,0.0,0.0
6,2420,end_B,ChevronSlow,0.15478515625,0.96142578125,0.1533203125,0.9658203125,0.14892578125,0.91796875,1.0,0.6602142444131643,0.15276953579738115
6,2420,end_B,IDLGated,0.14208984375,0.94873046875,0.130859375,0.94091796875,0.50927734375,0.685546875,1.0,1.2924785948143602,0.1748827643549249
7,0,A,MLP,0.46533203125,0.62548828125,0.0,0.0,0.0,0.0,1.0,0.0,0.0
7,0,A,ChevronSlow,0.46533203125,0.62548828125,0.46533203125,0.62548828125,0.46533203125,0.62548828125,1.0,0.0,0.0
7,0,A,IDLGated,0.53466796875,0.37451171875,0.53466796875,0.37451171875,0.53466796875,0.37451171875,1.0,0.0,0.0
7,100,A,MLP,0.93798828125,0.23779296875,0.0,0.0,0.0,0.0,1.0,0.0,0.0
7,100,A,ChevronSlow,0.93701171875,0.2412109375,0.9365234375,0.24072265625,0.93798828125,0.2177734375,1.0,0.30892739145798875,0.11937791872058676
7,100,A,IDLGated,0.93505859375,0.23828125,0.93505859375,0.23779296875,0.93310546875,0.23095703125,0.2762683629989624,0.3162250961931786,0.11164313343814618
7,200,A,MLP,0.953125,0.212890625,0.0,0.0,0.0,0.0,1.0,0.0,0.0
7,200,A,ChevronSlow,0.96435546875,0.212890625,0.96484375,0.21240234375,0.9580078125,0.21337890625,1.0,0.8414790018238142,0.12495452373418053
7,200,A,IDLGated,0.94482421875,0.2158203125,0.9443359375,0.21435546875,0.93310546875,0.22802734375,0.999889612197876,0.7741837491219976,0.10605571990299503
7,300,A,MLP,0.974609375,0.20751953125,0.0,0.0,0.0,0.0,1.0,0.0,0.0
7,300,A,ChevronSlow,0.9833984375,0.20654296875,0.98486328125,0.20751953125,0.970703125,0.21630859375,1.0,1.0435498696442569,0.1254355329673317
7,300,A,IDLGated,0.96630859375,0.20849609375,0.96875,0.20654296875,0.947265625,0.234375,0.9999904632568359,0.8856251096903764,0.10363641576594398
7,400,A,MLP,0.9873046875,0.1953125,0.0,0.0,0.0,0.0,1.0,0.0,0.0
7,400,A,ChevronSlow,0.9892578125,0.19775390625,0.98828125,0.197265625,0.978515625,0.19873046875,1.0,1.0139343116320612,0.11690983265397814
7,400,A,IDLGated,0.98291015625,0.19775390625,0.9853515625,0.1943359375,0.9599609375,0.224609375,0.9999728202819824,0.8378735571174414,0.10302781719848814
7,500,A,MLP,0.98779296875,0.19970703125,0.0,0.0,0.0,0.0,1.0,0.0,0.0
7,500,A,ChevronSlow,0.98876953125,0.1982421875,0.98779296875,0.19873046875,0.990234375,0.1953125,1.0,0.8386728074284918,0.1096582630642641
7,500,A,IDLGated,0.9853515625,0.19873046875,0.9873046875,0.197265625,0.96826171875,0.2158203125,0.9997486472129822,0.7367440993986718,0.09870103595844626
7,600,A,MLP,0.99169921875,0.1943359375,0.0,0.0,0.0,0.0,1.0,0.0,0.0
7,600,A,ChevronSlow,0.9912109375,0.19287109375,0.99072265625,0.19287109375,0.986328125,0.1923828125,1.0,0.6150139609073118,0.10106854747162708
7,600,A,IDLGated,0.99072265625,0.19384765625,0.990234375,0.19189453125,0.98291015625,0.20654296875,0.9931557774543762,0.5862490750665312,0.09638536405765347
7,700,A,MLP,0.99072265625,0.1845703125,0.0,0.0,0.0,0.0,1.0,0.0,0.0
7,700,A,ChevronSlow,0.98828125,0.185546875,0.98876953125,0.185546875,0.98681640625,0.18603515625,1.0,0.38188301877039077,0.09178858004417463
7,700,A,IDLGated,0.9892578125,0.18505859375,0.9873046875,0.18408203125,0.98828125,0.19580078125,0.7411503791809082,0.4078161796273705,0.09128240833871029
7,800,A,MLP,0.9873046875,0.18017578125,0.0,0.0,0.0,0.0,1.0,0.0,0.0
7,800,A,ChevronSlow,0.984375,0.17724609375,0.982421875,0.17626953125,0.98828125,0.18798828125,1.0,0.21155485020468648,0.08423641597817513
7,800,A,IDLGated,0.98486328125,0.1806640625,0.982421875,0.17724609375,0.99072265625,0.19384765625,0.08319024741649628,0.25091955857502807,0.08705772933339707
7,900,A,MLP,0.9921875,0.19189453125,0.0,0.0,0.0,0.0,1.0,0.0,0.0
7,900,A,ChevronSlow,0.99072265625,0.19189453125,0.990234375,0.19189453125,0.98974609375,0.1953125,1.0,0.11589412645169336,0.07796710537646688
7,900,A,IDLGated,0.99169921875,0.1923828125,0.99169921875,0.19140625,0.99072265625,0.19580078125,0.0074216569773852825,0.1374589286067487,0.0827324316360416
7,1000,A,MLP,0.9921875,0.19384765625,0.0,0.0,0.0,0.0,1.0,0.0,0.0
7,1000,A,ChevronSlow,0.99267578125,0.1943359375,0.99267578125,0.19384765625,0.99169921875,0.1962890625,1.0,0.06348920165624058,0.06826909404077722
7,1000,A,IDLGated,0.99267578125,0.19580078125,0.9931640625,0.1953125,0.99072265625,0.2001953125,0.0019012567354366183,0.07530284670122835,0.07223527391039704
7,1100,A,MLP,0.99267578125,0.19775390625,0.0,0.0,0.0,0.0,1.0,0.0,0.0
7,1100,A,ChevronSlow,0.9931640625,0.19775390625,0.99267578125,0.19775390625,0.9912109375,0.197265625,1.0,0.03478069899104784,0.06067640912621562
7,1100,A,IDLGated,0.99267578125,0.19775390625,0.9931640625,0.19677734375,0.99169921875,0.19970703125,0.0008997927070595324,0.041252458307246685,0.06493245091509071
7,1200,A,MLP,0.9921875,0.19677734375,0.0,0.0,0.0,0.0,1.0,0.0,0.0
7,1200,A,ChevronSlow,0.99267578125,0.19921875,0.9931640625,0.19921875,0.99267578125,0.1982421875,1.0,0.01905358692105984,0.055640527881112053
7,1200,A,IDLGated,0.9931640625,0.19677734375,0.99267578125,0.19580078125,0.99267578125,0.19873046875,0.0005971034406684339,0.02259895064980813,0.05809465281201901
7,1300,A,MLP,0.99267578125,0.2041015625,0.0,0.0,0.0,0.0,1.0,0.0,0.0
7,1300,A,ChevronSlow,0.99072265625,0.205078125,0.990234375,0.20556640625,0.99267578125,0.201171875,1.0,0.01043794935380179,0.05057065530629657
7,1300,A,IDLGated,0.9921875,0.20458984375,0.9921875,0.20458984375,0.99365234375,0.20361328125,0.00047694306704215705,0.01238017299887188,0.053281281821399684
7,1400,A,MLP,0.9912109375,0.189453125,0.0,0.0,0.0,0.0,1.0,0.0,0.0
7,1400,A,ChevronSlow,0.9912109375,0.1904296875,0.990234375,0.1875,0.9921875,0.1943359375,1.0,0.005718124737558389,0.04527379646992048
7,1400,A,IDLGated,0.99365234375,0.18994140625,0.99169921875,0.18896484375,0.9931640625,0.19677734375,0.0004217004752717912,0.006782115057333316,0.04731406533997684
7,1500,A,MLP,0.98974609375,0.1943359375,0.0,0.0,0.0,0.0,1.0,0.0,0.0
7,1500,A,ChevronSlow,0.9912109375,0.193359375,0.99072265625,0.1923828125,0.99169921875,0.19482421875,1.0,0.0031325071051784754,0.042519569715197325
7,1500,A,IDLGated,0.9912109375,0.19482421875,0.98876953125,0.193359375,0.9931640625,0.197265625,0.0003941985487472266,0.003715383028581161,0.04518154223340031
7,1600,A,MLP,0.99072265625,0.18798828125,0.0,0.0,0.0,0.0,1.0,0.0,0.0
7,1600,A,ChevronSlow,0.99072265625,0.18701171875,0.990234375,0.185546875,0.9931640625,0.19287109375,1.0,0.0017160522399138085,0.04015661460373015
7,1600,A,IDLGated,0.9931640625,0.18896484375,0.99169921875,0.18603515625,0.99267578125,0.1953125,0.0003799001278821379,0.002035363737178559,0.04122901203522707
7,1700,A,MLP,0.99365234375,0.1962890625,0.0,0.0,0.0,0.0,1.0,0.0,0.0
7,1700,A,ChevronSlow,0.99560546875,0.19677734375,0.99560546875,0.197265625,0.994140625,0.1962890625,1.0,0.000940088941935669,0.03838411555159883
7,1700,A,IDLGated,0.9951171875,0.1962890625,0.9951171875,0.19580078125,0.994140625,0.19677734375,0.00037228831206448376,0.0011150143903745765,0.03838995455471976
7,1800,A,MLP,0.9921875,0.19921875,0.0,0.0,0.0,0.0,1.0,0.0,0.0
7,1800,A,ChevronSlow,0.9931640625,0.19873046875,0.99267578125,0.20068359375,0.994140625,0.19677734375,1.0,0.0005150001836739626,0.03648609978211503
7,1800,A,IDLGated,0.99267578125,0.19921875,0.99267578125,0.19873046875,0.994140625,0.1982421875,0.0003681831294670701,0.0006108279655536183,0.03664163283808921
7,1900,A,MLP,0.98876953125,0.1865234375,0.0,0.0,0.0,0.0,1.0,0.0,0.0
7,1900,A,ChevronSlow,0.98974609375,0.18798828125,0.98876953125,0.18603515625,0.9931640625,0.19287109375,1.0,0.0002821277619095375,0.03383469808853663
7,1900,A,IDLGated,0.990234375,0.189453125,0.9892578125,0.18798828125,0.994140625,0.193359375,0.0003659535141196102,0.00033462420460513513,0.03293435174625915
7,2000,A,MLP,0.99365234375,0.19580078125,0.0,0.0,0.0,0.0,1.0,0.0,0.0
7,2000,A,ChevronSlow,0.9951171875,0.1982421875,0.99560546875,0.1982421875,0.994140625,0.19580078125,1.0,0.00015455542845102259,0.031104982941817887
7,2000,A,IDLGated,0.99560546875,0.19677734375,0.99560546875,0.19775390625,0.99462890625,0.1953125,0.0003647377889137715,0.00018331406651647547,0.030851004141865878
7,2100,A,MLP,0.9931640625,0.2021484375,0.0,0.0,0.0,0.0,1.0,0.0,0.0
7,2100,A,ChevronSlow,0.994140625,0.20166015625,0.994140625,0.20263671875,0.99560546875,0.1962890625,1.0,8.466866323966544e-05,0.02895587941695057
7,2100,A,IDLGated,0.994140625,0.20166015625,0.99365234375,0.20263671875,0.99560546875,0.197265625,0.0003640734066721052,0.00010042324051979551,0.029138736483511472
7,2200,end_A,MLP,0.9921875,0.19775390625,0.0,0.0,0.0,0.0,1.0,0.0,0.0
7,2200,end_A,ChevronSlow,0.99462890625,0.1982421875,0.9951171875,0.19873046875,0.99365234375,0.19775390625,1.0,4.6383246493756185e-05,0.027252211556038443
7,2200,end_A,IDLGated,0.99560546875,0.19873046875,0.99560546875,0.2001953125,0.99609375,0.197265625,0.0003637100162450224,5.501393007170197e-05,0.02806845124071272
7,2300,B,MLP,0.14404296875,0.8916015625,0.0,0.0,0.0,0.0,1.0,0.0,0.0
7,2300,B,ChevronSlow,0.15673828125,0.92431640625,0.138671875,0.9208984375,0.8876953125,0.32275390625,1.0,0.48670183949944507,0.13170652475317118
7,2300,B,IDLGated,0.12890625,0.875,0.09521484375,0.87255859375,0.93408203125,0.251953125,0.9999977350234985,0.9518511317304288,0.17566339057254002
7,2400,B,MLP,0.15576171875,0.94384765625,0.0,0.0,0.0,0.0,1.0,0.0,0.0
7,2400,B,ChevronSlow,0.1796875,0.97021484375,0.1767578125,0.9677734375,0.1611328125,0.8955078125,1.0,0.7057465125826388,0.14660637177016023
7,2400,B,IDLGated,0.18359375,0.9599609375,0.16162109375,0.95458984375,0.87646484375,0.30224609375,1.0,1.4027337463959964,0.1960934847962885
7,2420,end_B,MLP,0.16064453125,0.955078125,0.0,0.0,0.0,0.0,1.0,0.0,0.0
7,2420,end_B,ChevronSlow,0.18115234375,0.97314453125,0.1806640625,0.97314453125,0.15478515625,0.89990234375,1.0,0.7175855698573872,0.1481352159799442
7,2420,end_B,IDLGated,0.1826171875,0.96923828125,0.16748046875,0.96044921875,0.86865234375,0.31201171875,1.0,1.4050598741981324,0.20079617505975453
